date_id,year,month,day,LOAD_TS
0,2017,11,9
1,2017,11,10
2,2017,11,11
3,2017,11,12
4,2017,11,13
5,2017,11,14
6,2017,11,15
7,2017,11,16
8,2017,11,17
9,2017,11,18
10,2017,11,19
11,2017,11,20
12,2017,11,21
13,2017,11,22
14,2017,11,23
15,2017,11,24
16,2017,11,25
17,2017,11,26
18,2017,11,27
19,2017,11,28
20,2017,11,29
21,2017,11,30
22,2017,12,1
23,2017,12,2
24,2017,12,3
25,2017,12,4
26,2017,12,5
27,2017,12,6
28,2017,12,7
29,2017,12,8
30,2017,12,9
31,2017,12,10
32,2017,12,11
33,2017,12,12
34,2017,12,13
35,2017,12,14
36,2017,12,15
37,2017,12,16
38,2017,12,17
39,2017,12,18
40,2017,12,19
41,2017,12,20
42,2017,12,21
43,2017,12,22
44,2017,12,23
45,2017,12,24
46,2017,12,25
47,2017,12,26
48,2017,12,27
49,2017,12,28
50,2017,12,29
51,2017,12,30
52,2017,12,31
53,2018,1,1
54,2018,1,2
55,2018,1,3
56,2018,1,4
57,2018,1,5
58,2018,1,6
59,2018,1,7
60,2018,1,8
61,2018,1,9
62,2018,1,10
63,2018,1,11
64,2018,1,12
65,2018,1,13
66,2018,1,14
67,2018,1,15
68,2018,1,16
69,2018,1,17
70,2018,1,18
71,2018,1,19
72,2018,1,20
73,2018,1,21
74,2018,1,22
75,2018,1,23
76,2018,1,24
77,2018,1,25
78,2018,1,26
79,2018,1,27
80,2018,1,28
81,2018,1,29
82,2018,1,30
83,2018,1,31
84,2018,2,1
85,2018,2,2
86,2018,2,3
87,2018,2,4
88,2018,2,5
89,2018,2,6
90,2018,2,7
91,2018,2,8
92,2018,2,9
93,2018,2,10
94,2018,2,11
95,2018,2,12
96,2018,2,13
97,2018,2,14
98,2018,2,15
99,2018,2,16
100,2018,2,17
101,2018,2,18
102,2018,2,19
103,2018,2,20
104,2018,2,21
105,2018,2,22
106,2018,2,23
107,2018,2,24
108,2018,2,25
109,2018,2,26
110,2018,2,27
111,2018,2,28
112,2018,3,1
113,2018,3,2
114,2018,3,3
115,2018,3,4
116,2018,3,5
117,2018,3,6
118,2018,3,7
119,2018,3,8
120,2018,3,9
121,2018,3,10
122,2018,3,11
123,2018,3,12
124,2018,3,13
125,2018,3,14
126,2018,3,15
127,2018,3,16
128,2018,3,17
129,2018,3,18
130,2018,3,19
131,2018,3,20
132,2018,3,21
133,2018,3,22
134,2018,3,23
135,2018,3,24
136,2018,3,25
137,2018,3,26
138,2018,3,27
139,2018,3,28
140,2018,3,29
141,2018,3,30
142,2018,3,31
143,2018,4,1
144,2018,4,2
145,2018,4,3
146,2018,4,4
147,2018,4,5
148,2018,4,6
149,2018,4,7
150,2018,4,8
151,2018,4,9
152,2018,4,10
153,2018,4,11
154,2018,4,12
155,2018,4,13
156,2018,4,14
157,2018,4,15
158,2018,4,16
159,2018,4,17
160,2018,4,18
161,2018,4,19
162,2018,4,20
163,2018,4,21
164,2018,4,22
165,2018,4,23
166,2018,4,24
167,2018,4,25
168,2018,4,26
169,2018,4,27
170,2018,4,28
171,2018,4,29
172,2018,4,30
173,2018,5,1
174,2018,5,2
175,2018,5,3
176,2018,5,4
177,2018,5,5
178,2018,5,6
179,2018,5,7
180,2018,5,8
181,2018,5,9
182,2018,5,10
183,2018,5,11
184,2018,5,12
185,2018,5,13
186,2018,5,14
187,2018,5,15
188,2018,5,16
189,2018,5,17
190,2018,5,18
191,2018,5,19
192,2018,5,20
193,2018,5,21
194,2018,5,22
195,2018,5,23
196,2018,5,24
197,2018,5,25
198,2018,5,26
199,2018,5,27
200,2018,5,28
201,2018,5,29
202,2018,5,30
203,2018,5,31
204,2018,6,1
205,2018,6,2
206,2018,6,3
207,2018,6,4
208,2018,6,5
209,2018,6,6
210,2018,6,7
211,2018,6,8
212,2018,6,9
213,2018,6,10
214,2018,6,11
215,2018,6,12
216,2018,6,13
217,2018,6,14
218,2018,6,15
219,2018,6,16
220,2018,6,17
221,2018,6,18
222,2018,6,19
223,2018,6,20
224,2018,6,21
225,2018,6,22
226,2018,6,23
227,2018,6,24
228,2018,6,25
229,2018,6,26
230,2018,6,27
231,2018,6,28
232,2018,6,29
233,2018,6,30
234,2018,7,1
235,2018,7,2
236,2018,7,3
237,2018,7,4
238,2018,7,5
239,2018,7,6
240,2018,7,7
241,2018,7,8
242,2018,7,9
243,2018,7,10
244,2018,7,11
245,2018,7,12
246,2018,7,13
247,2018,7,14
248,2018,7,15
249,2018,7,16
250,2018,7,17
251,2018,7,18
252,2018,7,19
253,2018,7,20
254,2018,7,21
255,2018,7,22
256,2018,7,23
257,2018,7,24
258,2018,7,25
259,2018,7,26
260,2018,7,27
261,2018,7,28
262,2018,7,29
263,2018,7,30
264,2018,7,31
265,2018,8,1
266,2018,8,2
267,2018,8,3
268,2018,8,4
269,2018,8,5
270,2018,8,6
271,2018,8,7
272,2018,8,8
273,2018,8,9
274,2018,8,10
275,2018,8,11
276,2018,8,12
277,2018,8,13
278,2018,8,14
279,2018,8,15
280,2018,8,16
281,2018,8,17
282,2018,8,18
283,2018,8,19
284,2018,8,20
285,2018,8,21
286,2018,8,22
287,2018,8,23
288,2018,8,24
289,2018,8,25
290,2018,8,26
291,2018,8,27
292,2018,8,28
293,2018,8,29
294,2018,8,30
295,2018,8,31
296,2018,9,1
297,2018,9,2
298,2018,9,3
299,2018,9,4
300,2018,9,5
301,2018,9,6
302,2018,9,7
303,2018,9,8
304,2018,9,9
305,2018,9,10
306,2018,9,11
307,2018,9,12
308,2018,9,13
309,2018,9,14
310,2018,9,15
311,2018,9,16
312,2018,9,17
313,2018,9,18
314,2018,9,19
315,2018,9,20
316,2018,9,21
317,2018,9,22
318,2018,9,23
319,2018,9,24
320,2018,9,25
321,2018,9,26
322,2018,9,27
323,2018,9,28
324,2018,9,29
325,2018,9,30
326,2018,10,1
327,2018,10,2
328,2018,10,3
329,2018,10,4
330,2018,10,5
331,2018,10,6
332,2018,10,7
333,2018,10,8
334,2018,10,9
335,2018,10,10
336,2018,10,11
337,2018,10,12
338,2018,10,13
339,2018,10,14
340,2018,10,15
341,2018,10,16
342,2018,10,17
343,2018,10,18
344,2018,10,19
345,2018,10,20
346,2018,10,21
347,2018,10,22
348,2018,10,23
349,2018,10,24
350,2018,10,25
351,2018,10,26
352,2018,10,27
353,2018,10,28
354,2018,10,29
355,2018,10,30
356,2018,10,31
357,2018,11,1
358,2018,11,2
359,2018,11,3
360,2018,11,4
361,2018,11,5
362,2018,11,6
363,2018,11,7
364,2018,11,8
365,2018,11,9
366,2018,11,10
367,2018,11,11
368,2018,11,12
369,2018,11,13
370,2018,11,14
371,2018,11,15
372,2018,11,16
373,2018,11,17
374,2018,11,18
375,2018,11,19
376,2018,11,20
377,2018,11,21
378,2018,11,22
379,2018,11,23
380,2018,11,24
381,2018,11,25
382,2018,11,26
383,2018,11,27
384,2018,11,28
385,2018,11,29
386,2018,11,30
387,2018,12,1
388,2018,12,2
389,2018,12,3
390,2018,12,4
391,2018,12,5
392,2018,12,6
393,2018,12,7
394,2018,12,8
395,2018,12,9
396,2018,12,10
397,2018,12,11
398,2018,12,12
399,2018,12,13
400,2018,12,14
401,2018,12,15
402,2018,12,16
403,2018,12,17
404,2018,12,18
405,2018,12,19
406,2018,12,20
407,2018,12,21
408,2018,12,22
409,2018,12,23
410,2018,12,24
411,2018,12,25
412,2018,12,26
413,2018,12,27
414,2018,12,28
415,2018,12,29
416,2018,12,30
417,2018,12,31
418,2019,1,1
419,2019,1,2
420,2019,1,3
421,2019,1,4
422,2019,1,5
423,2019,1,6
424,2019,1,7
425,2019,1,8
426,2019,1,9
427,2019,1,10
428,2019,1,11
429,2019,1,12
430,2019,1,13
431,2019,1,14
432,2019,1,15
433,2019,1,16
434,2019,1,17
435,2019,1,18
436,2019,1,19
437,2019,1,20
438,2019,1,21
439,2019,1,22
440,2019,1,23
441,2019,1,24
442,2019,1,25
443,2019,1,26
444,2019,1,27
445,2019,1,28
446,2019,1,29
447,2019,1,30
448,2019,1,31
449,2019,2,1
450,2019,2,2
451,2019,2,3
452,2019,2,4
453,2019,2,5
454,2019,2,6
455,2019,2,7
456,2019,2,8
457,2019,2,9
458,2019,2,10
459,2019,2,11
460,2019,2,12
461,2019,2,13
462,2019,2,14
463,2019,2,15
464,2019,2,16
465,2019,2,17
466,2019,2,18
467,2019,2,19
468,2019,2,20
469,2019,2,21
470,2019,2,22
471,2019,2,23
472,2019,2,24
473,2019,2,25
474,2019,2,26
475,2019,2,27
476,2019,2,28
477,2019,3,1
478,2019,3,2
479,2019,3,3
480,2019,3,4
481,2019,3,5
482,2019,3,6
483,2019,3,7
484,2019,3,8
485,2019,3,9
486,2019,3,10
487,2019,3,11
488,2019,3,12
489,2019,3,13
490,2019,3,14
491,2019,3,15
492,2019,3,16
493,2019,3,17
494,2019,3,18
495,2019,3,19
496,2019,3,20
497,2019,3,21
498,2019,3,22
499,2019,3,23
500,2019,3,24
501,2019,3,25
502,2019,3,26
503,2019,3,27
504,2019,3,28
505,2019,3,29
506,2019,3,30
507,2019,3,31
508,2019,4,1
509,2019,4,2
510,2019,4,3
511,2019,4,4
512,2019,4,5
513,2019,4,6
514,2019,4,7
515,2019,4,8
516,2019,4,9
517,2019,4,10
518,2019,4,11
519,2019,4,12
520,2019,4,13
521,2019,4,14
522,2019,4,15
523,2019,4,16
524,2019,4,17
525,2019,4,18
526,2019,4,19
527,2019,4,20
528,2019,4,21
529,2019,4,22
530,2019,4,23
531,2019,4,24
532,2019,4,25
533,2019,4,26
534,2019,4,27
535,2019,4,28
536,2019,4,29
537,2019,4,30
538,2019,5,1
539,2019,5,2
540,2019,5,3
541,2019,5,4
542,2019,5,5
543,2019,5,6
544,2019,5,7
545,2019,5,8
546,2019,5,9
547,2019,5,10
548,2019,5,11
549,2019,5,12
550,2019,5,13
551,2019,5,14
552,2019,5,15
553,2019,5,16
554,2019,5,17
555,2019,5,18
556,2019,5,19
557,2019,5,20
558,2019,5,21
559,2019,5,22
560,2019,5,23
561,2019,5,24
562,2019,5,25
563,2019,5,26
564,2019,5,27
565,2019,5,28
566,2019,5,29
567,2019,5,30
568,2019,5,31
569,2019,6,1
570,2019,6,2
571,2019,6,3
572,2019,6,4
573,2019,6,5
574,2019,6,6
575,2019,6,7
576,2019,6,8
577,2019,6,9
578,2019,6,10
579,2019,6,11
580,2019,6,12
581,2019,6,13
582,2019,6,14
583,2019,6,15
584,2019,6,16
585,2019,6,17
586,2019,6,18
587,2019,6,19
588,2019,6,20
589,2019,6,21
590,2019,6,22
591,2019,6,23
592,2019,6,24
593,2019,6,25
594,2019,6,26
595,2019,6,27
596,2019,6,28
597,2019,6,29
598,2019,6,30
599,2019,7,1
600,2019,7,2
601,2019,7,3
602,2019,7,4
603,2019,7,5
604,2019,7,6
605,2019,7,7
606,2019,7,8
607,2019,7,9
608,2019,7,10
609,2019,7,11
610,2019,7,12
611,2019,7,13
612,2019,7,14
613,2019,7,15
614,2019,7,16
615,2019,7,17
616,2019,7,18
617,2019,7,19
618,2019,7,20
619,2019,7,21
620,2019,7,22
621,2019,7,23
622,2019,7,24
623,2019,7,25
624,2019,7,26
625,2019,7,27
626,2019,7,28
627,2019,7,29
628,2019,7,30
629,2019,7,31
630,2019,8,1
631,2019,8,2
632,2019,8,3
633,2019,8,4
634,2019,8,5
635,2019,8,6
636,2019,8,7
637,2019,8,8
638,2019,8,9
639,2019,8,10
640,2019,8,11
641,2019,8,12
642,2019,8,13
643,2019,8,14
644,2019,8,15
645,2019,8,16
646,2019,8,17
647,2019,8,18
648,2019,8,19
649,2019,8,20
650,2019,8,21
651,2019,8,22
652,2019,8,23
653,2019,8,24
654,2019,8,25
655,2019,8,26
656,2019,8,27
657,2019,8,28
658,2019,8,29
659,2019,8,30
660,2019,8,31
661,2019,9,1
662,2019,9,2
663,2019,9,3
664,2019,9,4
665,2019,9,5
666,2019,9,6
667,2019,9,7
668,2019,9,8
669,2019,9,9
670,2019,9,10
671,2019,9,11
672,2019,9,12
673,2019,9,13
674,2019,9,14
675,2019,9,15
676,2019,9,16
677,2019,9,17
678,2019,9,18
679,2019,9,19
680,2019,9,20
681,2019,9,21
682,2019,9,22
683,2019,9,23
684,2019,9,24
685,2019,9,25
686,2019,9,26
687,2019,9,27
688,2019,9,28
689,2019,9,29
690,2019,9,30
691,2019,10,1
692,2019,10,2
693,2019,10,3
694,2019,10,4
695,2019,10,5
696,2019,10,6
697,2019,10,7
698,2019,10,8
699,2019,10,9
700,2019,10,10
701,2019,10,11
702,2019,10,12
703,2019,10,13
704,2019,10,14
705,2019,10,15
706,2019,10,16
707,2019,10,17
708,2019,10,18
709,2019,10,19
710,2019,10,20
711,2019,10,21
712,2019,10,22
713,2019,10,23
714,2019,10,24
715,2019,10,25
716,2019,10,26
717,2019,10,27
718,2019,10,28
719,2019,10,29
720,2019,10,30
721,2019,10,31
722,2019,11,1
723,2019,11,2
724,2019,11,3
725,2019,11,4
726,2019,11,5
727,2019,11,6
728,2019,11,7
729,2019,11,8
730,2019,11,9
731,2019,11,10
732,2019,11,11
733,2019,11,12
734,2019,11,13
735,2019,11,14
736,2019,11,15
737,2019,11,16
738,2019,11,17
739,2019,11,18
740,2019,11,19
741,2019,11,20
742,2019,11,21
743,2019,11,22
744,2019,11,23
745,2019,11,24
746,2019,11,25
747,2019,11,26
748,2019,11,27
749,2019,11,28
750,2019,11,29
751,2019,11,30
752,2019,12,1
753,2019,12,2
754,2019,12,3
755,2019,12,4
756,2019,12,5
757,2019,12,6
758,2019,12,7
759,2019,12,8
760,2019,12,9
761,2019,12,10
762,2019,12,11
763,2019,12,12
764,2019,12,13
765,2019,12,14
766,2019,12,15
767,2019,12,16
768,2019,12,17
769,2019,12,18
770,2019,12,19
771,2019,12,20
772,2019,12,21
773,2019,12,22
774,2019,12,23
775,2019,12,24
776,2019,12,25
777,2019,12,26
778,2019,12,27
779,2019,12,28
780,2019,12,29
781,2019,12,30
782,2019,12,31
783,2020,1,1
784,2020,1,2
785,2020,1,3
786,2020,1,4
787,2020,1,5
788,2020,1,6
789,2020,1,7
790,2020,1,8
791,2020,1,9
792,2020,1,10
793,2020,1,11
794,2020,1,12
795,2020,1,13
796,2020,1,14
797,2020,1,15
798,2020,1,16
799,2020,1,17
800,2020,1,18
801,2020,1,19
802,2020,1,20
803,2020,1,21
804,2020,1,22
805,2020,1,23
806,2020,1,24
807,2020,1,25
808,2020,1,26
809,2020,1,27
810,2020,1,28
811,2020,1,29
812,2020,1,30
813,2020,1,31
814,2020,2,1
815,2020,2,2
816,2020,2,3
817,2020,2,4
818,2020,2,5
819,2020,2,6
820,2020,2,7
821,2020,2,8
822,2020,2,9
823,2020,2,10
824,2020,2,11
825,2020,2,12
826,2020,2,13
827,2020,2,14
828,2020,2,15
829,2020,2,16
830,2020,2,17
831,2020,2,18
832,2020,2,19
833,2020,2,20
834,2020,2,21
835,2020,2,22
836,2020,2,23
837,2020,2,24
838,2020,2,25
839,2020,2,26
840,2020,2,27
841,2020,2,28
842,2020,2,29
843,2020,3,1
844,2020,3,2
845,2020,3,3
846,2020,3,4
847,2020,3,5
848,2020,3,6
849,2020,3,7
850,2020,3,8
851,2020,3,9
852,2020,3,10
853,2020,3,11
854,2020,3,12
855,2020,3,13
856,2020,3,14
857,2020,3,15
858,2020,3,16
859,2020,3,17
860,2020,3,18
861,2020,3,19
862,2020,3,20
863,2020,3,21
864,2020,3,22
865,2020,3,23
866,2020,3,24
867,2020,3,25
868,2020,3,26
869,2020,3,27
870,2020,3,28
871,2020,3,29
872,2020,3,30
873,2020,3,31
874,2020,4,1
875,2020,4,2
876,2020,4,3
877,2020,4,4
878,2020,4,5
879,2020,4,6
880,2020,4,7
881,2020,4,8
882,2020,4,9
883,2020,4,10
884,2020,4,11
885,2020,4,12
886,2020,4,13
887,2020,4,14
888,2020,4,15
889,2020,4,16
890,2020,4,17
891,2020,4,18
892,2020,4,19
893,2020,4,20
894,2020,4,21
895,2020,4,22
896,2020,4,23
897,2020,4,24
898,2020,4,25
899,2020,4,26
900,2020,4,27
901,2020,4,28
902,2020,4,29
903,2020,4,30
904,2020,5,1
905,2020,5,2
906,2020,5,3
907,2020,5,4
908,2020,5,5
909,2020,5,6
910,2020,5,7
911,2020,5,8
912,2020,5,9
913,2020,5,10
914,2020,5,11
915,2020,5,12
916,2020,5,13
917,2020,5,14
918,2020,5,15
919,2020,5,16
920,2020,5,17
921,2020,5,18
922,2020,5,19
923,2020,5,20
924,2020,5,21
925,2020,5,22
926,2020,5,23
927,2020,5,24
928,2020,5,25
929,2020,5,26
930,2020,5,27
931,2020,5,28
932,2020,5,29
933,2020,5,30
934,2020,5,31
935,2020,6,1
936,2020,6,2
937,2020,6,3
938,2020,6,4
939,2020,6,5
940,2020,6,6
941,2020,6,7
942,2020,6,8
943,2020,6,9
944,2020,6,10
945,2020,6,11
946,2020,6,12
947,2020,6,13
948,2020,6,14
949,2020,6,15
950,2020,6,16
951,2020,6,17
952,2020,6,18
953,2020,6,19
954,2020,6,20
955,2020,6,21
956,2020,6,22
957,2020,6,23
958,2020,6,24
959,2020,6,25
960,2020,6,26
961,2020,6,27
962,2020,6,28
963,2020,6,29
964,2020,6,30
965,2020,7,1
966,2020,7,2
967,2020,7,3
968,2020,7,4
969,2020,7,5
970,2020,7,6
971,2020,7,7
972,2020,7,8
973,2020,7,9
974,2020,7,10
975,2020,7,11
976,2020,7,12
977,2020,7,13
978,2020,7,14
979,2020,7,15
980,2020,7,16
981,2020,7,17
982,2020,7,18
983,2020,7,19
984,2020,7,20
985,2020,7,21
986,2020,7,22
987,2020,7,23
988,2020,7,24
989,2020,7,25
990,2020,7,26
991,2020,7,27
992,2020,7,28
993,2020,7,29
994,2020,7,30
995,2020,7,31
996,2020,8,1
997,2020,8,2
998,2020,8,3
999,2020,8,4
1000,2020,8,5
1001,2020,8,6
1002,2020,8,7
1003,2020,8,8
1004,2020,8,9
1005,2020,8,10
1006,2020,8,11
1007,2020,8,12
1008,2020,8,13
1009,2020,8,14
1010,2020,8,15
1011,2020,8,16
1012,2020,8,17
1013,2020,8,18
1014,2020,8,19
1015,2020,8,20
1016,2020,8,21
1017,2020,8,22
1018,2020,8,23
1019,2020,8,24
1020,2020,8,25
1021,2020,8,26
1022,2020,8,27
1023,2020,8,28
1024,2020,8,29
1025,2020,8,30
1026,2020,8,31
1027,2020,9,1
1028,2020,9,2
1029,2020,9,3
1030,2020,9,4
1031,2020,9,5
1032,2020,9,6
1033,2020,9,7
1034,2020,9,8
1035,2020,9,9
1036,2020,9,10
1037,2020,9,11
1038,2020,9,12
1039,2020,9,13
1040,2020,9,14
1041,2020,9,15
1042,2020,9,16
1043,2020,9,17
1044,2020,9,18
1045,2020,9,19
1046,2020,9,20
1047,2020,9,21
1048,2020,9,22
1049,2020,9,23
1050,2020,9,24
1051,2020,9,25
1052,2020,9,26
1053,2020,9,27
1054,2020,9,28
1055,2020,9,29
1056,2020,9,30
1057,2020,10,1
1058,2020,10,2
1059,2020,10,3
1060,2020,10,4
1061,2020,10,5
1062,2020,10,6
1063,2020,10,7
1064,2020,10,8
1065,2020,10,9
1066,2020,10,10
1067,2020,10,11
1068,2020,10,12
1069,2020,10,13
1070,2020,10,14
1071,2020,10,15
1072,2020,10,16
1073,2020,10,17
1074,2020,10,18
1075,2020,10,19
1076,2020,10,20
1077,2020,10,21
1078,2020,10,22
1079,2020,10,23
1080,2020,10,24
1081,2020,10,25
1082,2020,10,26
1083,2020,10,27
1084,2020,10,28
1085,2020,10,29
1086,2020,10,30
1087,2020,10,31
1088,2020,11,1
1089,2020,11,2
1090,2020,11,3
1091,2020,11,4
1092,2020,11,5
1093,2020,11,6
1094,2020,11,7
1095,2020,11,8
1096,2020,11,9
1097,2020,11,10
1098,2020,11,11
1099,2020,11,12
1100,2020,11,13
1101,2020,11,14
1102,2020,11,15
1103,2020,11,16
1104,2020,11,17
1105,2020,11,18
1106,2020,11,19
1107,2020,11,20
1108,2020,11,21
1109,2020,11,22
1110,2020,11,23
1111,2020,11,24
1112,2020,11,25
1113,2020,11,26
1114,2020,11,27
1115,2020,11,28
1116,2020,11,29
1117,2020,11,30
1118,2020,12,1
1119,2020,12,2
1120,2020,12,3
1121,2020,12,4
1122,2020,12,5
1123,2020,12,6
1124,2020,12,7
1125,2020,12,8
1126,2020,12,9
1127,2020,12,10
1128,2020,12,11
1129,2020,12,12
1130,2020,12,13
1131,2020,12,14
1132,2020,12,15
1133,2020,12,16
1134,2020,12,17
1135,2020,12,18
1136,2020,12,19
1137,2020,12,20
1138,2020,12,21
1139,2020,12,22
1140,2020,12,23
1141,2020,12,24
1142,2020,12,25
1143,2020,12,26
1144,2020,12,27
1145,2020,12,28
1146,2020,12,29
1147,2020,12,30
1148,2020,12,31
1149,2021,1,1
1150,2021,1,2
1151,2021,1,3
1152,2021,1,4
1153,2021,1,5
1154,2021,1,6
1155,2021,1,7
1156,2021,1,8
1157,2021,1,9
1158,2021,1,10
1159,2021,1,11
1160,2021,1,12
1161,2021,1,13
1162,2021,1,14
1163,2021,1,15
1164,2021,1,16
1165,2021,1,17
1166,2021,1,18
1167,2021,1,19
1168,2021,1,20
1169,2021,1,21
1170,2021,1,22
1171,2021,1,23
1172,2021,1,24
1173,2021,1,25
1174,2021,1,26
1175,2021,1,27
1176,2021,1,28
1177,2021,1,29
1178,2021,1,30
1179,2021,1,31
1180,2021,2,1
1181,2021,2,2
1182,2021,2,3
1183,2021,2,4
1184,2021,2,5
1185,2021,2,6
1186,2021,2,7
1187,2021,2,8
1188,2021,2,9
1189,2021,2,10
1190,2021,2,11
1191,2021,2,12
1192,2021,2,13
1193,2021,2,14
1194,2021,2,15
1195,2021,2,16
1196,2021,2,17
1197,2021,2,18
1198,2021,2,19
1199,2021,2,20
1200,2021,2,21
1201,2021,2,22
1202,2021,2,23
1203,2021,2,24
1204,2021,2,25
1205,2021,2,26
1206,2021,2,27
1207,2021,2,28
1208,2021,3,1
1209,2021,3,2
1210,2021,3,3
1211,2021,3,4
1212,2021,3,5
1213,2021,3,6
1214,2021,3,7
1215,2021,3,8
1216,2021,3,9
1217,2021,3,10
1218,2021,3,11
1219,2021,3,12
1220,2021,3,13
1221,2021,3,14
1222,2021,3,15
1223,2021,3,16
1224,2021,3,17
1225,2021,3,18
1226,2021,3,19
1227,2021,3,20
1228,2021,3,21
1229,2021,3,22
1230,2021,3,23
1231,2021,3,24
1232,2021,3,25
1233,2021,3,26
1234,2021,3,27
1235,2021,3,28
1236,2021,3,29
1237,2021,3,30
1238,2021,3,31
1239,2021,4,1
1240,2021,4,2
1241,2021,4,3
1242,2021,4,4
1243,2021,4,5
1244,2021,4,6
1245,2021,4,7
1246,2021,4,8
1247,2021,4,9
1248,2021,4,10
1249,2021,4,11
1250,2021,4,12
1251,2021,4,13
1252,2021,4,14
1253,2021,4,15
1254,2021,4,16
1255,2021,4,17
1256,2021,4,18
1257,2021,4,19
1258,2021,4,20
1259,2021,4,21
1260,2021,4,22
1261,2021,4,23
1262,2021,4,24
1263,2021,4,25
1264,2021,4,26
1265,2021,4,27
1266,2021,4,28
1267,2021,4,29
1268,2021,4,30
1269,2021,5,1
1270,2021,5,2
1271,2021,5,3
1272,2021,5,4
1273,2021,5,5
1274,2021,5,6
1275,2021,5,7
1276,2021,5,8
1277,2021,5,9
1278,2021,5,10
1279,2021,5,11
1280,2021,5,12
1281,2021,5,13
1282,2021,5,14
1283,2021,5,15
1284,2021,5,16
1285,2021,5,17
1286,2021,5,18
1287,2021,5,19
1288,2021,5,20
1289,2021,5,21
1290,2021,5,22
1291,2021,5,23
1292,2021,5,24
1293,2021,5,25
1294,2021,5,26
1295,2021,5,27
1296,2021,5,28
1297,2021,5,29
1298,2021,5,30
1299,2021,5,31
1300,2021,6,1
1301,2021,6,2
1302,2021,6,3
1303,2021,6,4
1304,2021,6,5
1305,2021,6,6
1306,2021,6,7
1307,2021,6,8
1308,2021,6,9
1309,2021,6,10
1310,2021,6,11
1311,2021,6,12
1312,2021,6,13
1313,2021,6,14
1314,2021,6,15
1315,2021,6,16
1316,2021,6,17
1317,2021,6,18
1318,2021,6,19
1319,2021,6,20
1320,2021,6,21
1321,2021,6,22
1322,2021,6,23
1323,2021,6,24
1324,2021,6,25
1325,2021,6,26
1326,2021,6,27
1327,2021,6,28
1328,2021,6,29
1329,2021,6,30
1330,2021,7,1
1331,2021,7,2
1332,2021,7,3
1333,2021,7,4
1334,2021,7,5
1335,2021,7,6
1336,2021,7,7
1337,2021,7,8
1338,2021,7,9
1339,2021,7,10
1340,2021,7,11
1341,2021,7,12
1342,2021,7,13
1343,2021,7,14
1344,2021,7,15
1345,2021,7,16
1346,2021,7,17
1347,2021,7,18
1348,2021,7,19
1349,2021,7,20
1350,2021,7,21
1351,2021,7,22
1352,2021,7,23
1353,2021,7,24
1354,2021,7,25
1355,2021,7,26
1356,2021,7,27
1357,2021,7,28
1358,2021,7,29
1359,2021,7,30
1360,2021,7,31
1361,2021,8,1
1362,2021,8,2
1363,2021,8,3
1364,2021,8,4
1365,2021,8,5
1366,2021,8,6
1367,2021,8,7
1368,2021,8,8
1369,2021,8,9
1370,2021,8,10
1371,2021,8,11
1372,2021,8,12
1373,2021,8,13
1374,2021,8,14
1375,2021,8,15
1376,2021,8,16
1377,2021,8,17
1378,2021,8,18
1379,2021,8,19
1380,2021,8,20
1381,2021,8,21
1382,2021,8,22
1383,2021,8,23
1384,2021,8,24
1385,2021,8,25
1386,2021,8,26
1387,2021,8,27
1388,2021,8,28
1389,2021,8,29
1390,2021,8,30
1391,2021,8,31
1392,2021,9,1
1393,2021,9,2
1394,2021,9,3
1395,2021,9,4
1396,2021,9,5
1397,2021,9,6
1398,2021,9,7
1399,2021,9,8
1400,2021,9,9
1401,2021,9,10
1402,2021,9,11
1403,2021,9,12
1404,2021,9,13
1405,2021,9,14
1406,2021,9,15
1407,2021,9,16
1408,2021,9,17
1409,2021,9,18
1410,2021,9,19
1411,2021,9,20
1412,2021,9,21
1413,2021,9,22
1414,2021,9,23
1415,2021,9,24
1416,2021,9,25
1417,2021,9,26
1418,2021,9,27
1419,2021,9,28
1420,2021,9,29
1421,2021,9,30
1422,2021,10,1
1423,2021,10,2
1424,2021,10,3
1425,2021,10,4
1426,2021,10,5
1427,2021,10,6
1428,2021,10,7
1429,2021,10,8
1430,2021,10,9
1431,2021,10,10
1432,2021,10,11
1433,2021,10,12
1434,2021,10,13
1435,2021,10,14
1436,2021,10,15
1437,2021,10,16
1438,2021,10,17
1439,2021,10,18
1440,2021,10,19
1441,2021,10,20
1442,2021,10,21
1443,2021,10,22
1444,2021,10,23
1445,2021,10,24
1446,2021,10,25
1447,2021,10,26
1448,2021,10,27
1449,2021,10,28
1450,2021,10,29
1451,2021,10,30
1452,2021,10,31
1453,2021,11,1
1454,2021,11,2
1455,2021,11,3
1456,2021,11,4
1457,2021,11,5
1458,2021,11,6
1459,2021,11,7
1460,2021,11,8
1461,2021,11,9
1462,2021,11,10
1463,2021,11,11
1464,2021,11,12
1465,2021,11,13
1466,2021,11,14
1467,2021,11,15
1468,2021,11,16
1469,2021,11,17
1470,2021,11,18
1471,2021,11,19
1472,2021,11,20
1473,2021,11,21
1474,2021,11,22
1475,2021,11,23
1476,2021,11,24
1477,2021,11,25
1478,2021,11,26
1479,2021,11,27
1480,2021,11,28
1481,2021,11,29
1482,2021,11,30
1483,2021,12,1
1484,2021,12,2
1485,2021,12,3
1486,2021,12,4
1487,2021,12,5
1488,2021,12,6
1489,2021,12,7
1490,2021,12,8
1491,2021,12,9
1492,2021,12,10
1493,2021,12,11
1494,2021,12,12
1495,2021,12,13
1496,2021,12,14
1497,2021,12,15
1498,2021,12,16
1499,2021,12,17
1500,2021,12,18
1501,2021,12,19
1502,2021,12,20
1503,2021,12,21
1504,2021,12,22
1505,2021,12,23
1506,2021,12,24
1507,2021,12,25
1508,2021,12,26
1509,2021,12,27
1510,2021,12,28
1511,2021,12,29
1512,2021,12,30
1513,2021,12,31
1514,2022,1,1
1515,2022,1,2
1516,2022,1,3
1517,2022,1,4
1518,2022,1,5
1519,2022,1,6
1520,2022,1,7
1521,2022,1,8
1522,2022,1,9
1523,2022,1,10
1524,2022,1,11
1525,2022,1,12
1526,2022,1,13
1527,2022,1,14
1528,2022,1,15
1529,2022,1,16
1530,2022,1,17
1531,2022,1,18
1532,2022,1,19
1533,2022,1,20
1534,2022,1,21
1535,2022,1,22
1536,2022,1,23
1537,2022,1,24
1538,2022,1,25
1539,2022,1,26
1540,2022,1,27
1541,2022,1,28
1542,2022,1,29
1543,2022,1,30
1544,2022,1,31
1545,2022,2,1
1546,2022,2,2
1547,2022,2,3
1548,2022,2,4
1549,2022,2,5
1550,2022,2,6
1551,2022,2,7
1552,2022,2,8
1553,2022,2,9
1554,2022,2,10
1555,2022,2,11
1556,2022,2,12
1557,2022,2,13
1558,2022,2,14
1559,2022,2,15
1560,2022,2,16
1561,2022,2,17
1562,2022,2,18
1563,2022,2,19
1564,2022,2,20
1565,2022,2,21
1566,2022,2,22
1567,2022,2,23
1568,2022,2,24
1569,2022,2,25
1570,2022,2,26
1571,2022,2,27
1572,2022,2,28
1573,2022,3,1
1574,2022,3,2
1575,2022,3,3
1576,2022,3,4
1577,2022,3,5
1578,2022,3,6
1579,2022,3,7
1580,2022,3,8
1581,2022,3,9
1582,2022,3,10
1583,2022,3,11
1584,2022,3,12
1585,2022,3,13
1586,2022,3,14
1587,2022,3,15
1588,2022,3,16
1589,2022,3,17
1590,2022,3,18
1591,2022,3,19
1592,2022,3,20
1593,2022,3,21
1594,2022,3,22
1595,2022,3,23
1596,2022,3,24
1597,2022,3,25
1598,2022,3,26
1599,2022,3,27
1600,2022,3,28
1601,2022,3,29
1602,2022,3,30
1603,2022,3,31
1604,2022,4,1
1605,2022,4,2
1606,2022,4,3
1607,2022,4,4
1608,2022,4,5
1609,2022,4,6
1610,2022,4,7
1611,2022,4,8
1612,2022,4,9
1613,2022,4,10
1614,2022,4,11
1615,2022,4,12
1616,2022,4,13
1617,2022,4,14
1618,2022,4,15
1619,2022,4,16
1620,2022,4,17
1621,2022,4,18
1622,2022,4,19
1623,2022,4,20
1624,2022,4,21
1625,2022,4,22
1626,2022,4,23
1627,2022,4,24
1628,2022,4,25
1629,2022,4,26
1630,2022,4,27
1631,2022,4,28
1632,2022,4,29
1633,2022,4,30
1634,2022,5,1
1635,2022,5,2
1636,2022,5,3
1637,2022,5,4
1638,2022,5,5
1639,2022,5,6
1640,2022,5,7
1641,2022,5,8
1642,2022,5,9
1643,2022,5,10
1644,2022,5,11
1645,2022,5,12
1646,2022,5,13
1647,2022,5,14
1648,2022,5,15
1649,2022,5,16
1650,2022,5,17
1651,2022,5,18
1652,2022,5,19
1653,2022,5,20
1654,2022,5,21
1655,2022,5,22
1656,2022,5,23
1657,2022,5,24
1658,2022,5,25
1659,2022,5,26
1660,2022,5,27
1661,2022,5,28
1662,2022,5,29
1663,2022,5,30
1664,2022,5,31
1665,2022,6,1
1666,2022,6,2
1667,2022,6,3
1668,2022,6,4
1669,2022,6,5
1670,2022,6,6
1671,2022,6,7
1672,2022,6,8
1673,2022,6,9
1674,2022,6,10
1675,2022,6,11
1676,2022,6,12
1677,2022,6,13
1678,2022,6,14
1679,2022,6,15
1680,2022,6,16
1681,2022,6,17
1682,2022,6,18
1683,2022,6,19
1684,2022,6,20
1685,2022,6,21
1686,2022,6,22
1687,2022,6,23
1688,2022,6,24
1689,2022,6,25
1690,2022,6,26
1691,2022,6,27
1692,2022,6,28
1693,2022,6,29
1694,2022,6,30
1695,2022,7,1
1696,2022,7,2
1697,2022,7,3
1698,2022,7,4
1699,2022,7,5
1700,2022,7,6
1701,2022,7,7
1702,2022,7,8
1703,2022,7,9
1704,2022,7,10
1705,2022,7,11
1706,2022,7,12
1707,2022,7,13
1708,2022,7,14
1709,2022,7,15
1710,2022,7,16
1711,2022,7,17
1712,2022,7,18
1713,2022,7,19
1714,2022,7,20
1715,2022,7,21
1716,2022,7,22
1717,2022,7,23
1718,2022,7,24
1719,2022,7,25
1720,2022,7,26
1721,2022,7,27
1722,2022,7,28
1723,2022,7,29
1724,2022,7,30
1725,2022,7,31
1726,2022,8,1
1727,2022,8,2
1728,2022,8,3
1729,2022,8,4
1730,2022,8,5
1731,2022,8,6
1732,2022,8,7
1733,2022,8,8
1734,2022,8,9
1735,2022,8,10
1736,2022,8,11
1737,2022,8,12
1738,2022,8,13
1739,2022,8,14
1740,2022,8,15
1741,2022,8,16
1742,2022,8,17
1743,2022,8,18
1744,2022,8,19
1745,2022,8,20
1746,2022,8,21
1747,2022,8,22
1748,2022,8,23
1749,2022,8,24
1750,2022,8,25
1751,2022,8,26
1752,2022,8,27
1753,2022,8,28
1754,2022,8,29
1755,2022,8,30
1756,2022,8,31
1757,2022,9,1
1758,2022,9,2
1759,2022,9,3
1760,2022,9,4
1761,2022,9,5
1762,2022,9,6
1763,2022,9,7
1764,2022,9,8
1765,2022,9,9
1766,2022,9,10
1767,2022,9,11
1768,2022,9,12
1769,2022,9,13
1770,2022,9,14
1771,2022,9,15
1772,2022,9,16
1773,2022,9,17
1774,2022,9,18
1775,2022,9,19
1776,2022,9,20
1777,2022,9,21
1778,2022,9,22
1779,2022,9,23
1780,2022,9,24
1781,2022,9,25
1782,2022,9,26
1783,2022,9,27
1784,2022,9,28
1785,2022,9,29
1786,2022,9,30
1787,2022,10,1
1788,2022,10,2
1789,2022,10,3
1790,2022,10,4
1791,2022,10,5
1792,2022,10,6
1793,2022,10,7
1794,2022,10,8
1795,2022,10,9
1796,2022,10,10
1797,2022,10,11
1798,2022,10,12
1799,2022,10,13
1800,2022,10,14
1801,2022,10,15
1802,2022,10,16
1803,2022,10,17
1804,2022,10,18
1805,2022,10,19
1806,2022,10,20
1807,2022,10,21
1808,2022,10,22
1809,2022,10,23
1810,2022,10,24
1811,2022,10,25
1812,2022,10,26
1813,2022,10,27
1814,2022,10,28
1815,2022,10,29
1816,2022,10,30
1817,2022,10,31
1818,2022,11,1
1819,2022,11,2
1820,2022,11,3
1821,2022,11,4
1822,2022,11,5
1823,2022,11,6
1824,2022,11,7
1825,2022,11,8
1826,2022,11,9
1827,2022,11,10
1828,2022,11,11
1829,2022,11,12
1830,2022,11,13
1831,2022,11,14
1832,2022,11,15
1833,2022,11,16
1834,2022,11,17
1835,2022,11,18
1836,2022,11,19
1837,2022,11,20
1838,2022,11,21
1839,2022,11,22
1840,2022,11,23
1841,2022,11,24
1842,2022,11,25
1843,2022,11,26
1844,2022,11,27
1845,2022,11,28
1846,2022,11,29
1847,2022,11,30
1848,2022,12,1
1849,2022,12,2
1850,2022,12,3
1851,2022,12,4
1852,2022,12,5
1853,2022,12,6
1854,2022,12,7
1855,2022,12,8
1856,2022,12,9
1857,2022,12,10
1858,2022,12,11
1859,2022,12,12
1860,2022,12,13
1861,2022,12,14
1862,2022,12,15
1863,2022,12,16
1864,2022,12,17
1865,2022,12,18
1866,2022,12,19
1867,2022,12,20
1868,2022,12,21
1869,2022,12,22
1870,2022,12,23
1871,2022,12,24
1872,2022,12,25
1873,2022,12,26
1874,2022,12,27
1875,2022,12,28
1876,2022,12,29
1877,2022,12,30
1878,2022,12,31
1879,2023,1,1
1880,2023,1,2
1881,2023,1,3
1882,2023,1,4
1883,2023,1,5
1884,2023,1,6
1885,2023,1,7
1886,2023,1,8
1887,2023,1,9
1888,2023,1,10
1889,2023,1,11
1890,2023,1,12
1891,2023,1,13
1892,2023,1,14
1893,2023,1,15
1894,2023,1,16
1895,2023,1,17
1896,2023,1,18
1897,2023,1,19
1898,2023,1,20
1899,2023,1,21
1900,2023,1,22
1901,2023,1,23
1902,2023,1,24
1903,2023,1,25
1904,2023,1,26
1905,2023,1,27
1906,2023,1,28
1907,2023,1,29
1908,2023,1,30
1909,2023,1,31
1910,2023,2,1
1911,2023,2,2
1912,2023,2,3
1913,2023,2,4
1914,2023,2,5
1915,2023,2,6
1916,2023,2,7
1917,2023,2,8
1918,2023,2,9
1919,2023,2,10
1920,2023,2,11
1921,2023,2,12
1922,2023,2,13
1923,2023,2,14
1924,2023,2,15
1925,2023,2,16
1926,2023,2,17
1927,2023,2,18
1928,2023,2,19
1929,2023,2,20
1930,2023,2,21
1931,2023,2,22
1932,2023,2,23
1933,2023,2,24
1934,2023,2,25
1935,2023,2,26
1936,2023,2,27
1937,2023,2,28
1938,2023,3,1
1939,2023,3,2
1940,2023,3,3
1941,2023,3,4
1942,2023,3,5
1943,2023,3,6
1944,2023,3,7
1945,2023,3,8
1946,2023,3,9
1947,2023,3,10
1948,2023,3,11
1949,2023,3,12
1950,2023,3,13
1951,2023,3,14
1952,2023,3,15
1953,2023,3,16
1954,2023,3,17
1955,2023,3,18
1956,2023,3,19
1957,2023,3,20
1958,2023,3,21
1959,2023,3,22
1960,2023,3,23
1961,2023,3,24
1962,2023,3,25
1963,2023,3,26
1964,2023,3,27
1965,2023,3,28
1966,2023,3,29
1967,2023,3,30
1968,2023,3,31
1969,2023,4,1
1970,2023,4,2
1971,2023,4,3
1972,2023,4,4
1973,2023,4,5
1974,2023,4,6
1975,2023,4,7
1976,2023,4,8
1977,2023,4,9
1978,2023,4,10
1979,2023,4,11
1980,2023,4,12
1981,2023,4,13
1982,2023,4,14
1983,2023,4,15
1984,2023,4,16
1985,2023,4,17
1986,2023,4,18
1987,2023,4,19
1988,2023,4,20
1989,2023,4,21
1990,2023,4,22
1991,2023,4,23
1992,2023,4,24
1993,2023,4,25
1994,2023,4,26
1995,2023,4,27
1996,2023,4,28
1997,2023,4,29
1998,2023,4,30
1999,2023,5,1
2000,2023,5,2
2001,2023,5,3
2002,2023,5,4
2003,2023,5,5
2004,2023,5,6
2005,2023,5,7
2006,2023,5,8
2007,2023,5,9
2008,2023,5,10
2009,2023,5,11
2010,2023,5,12
2011,2023,5,13
2012,2023,5,14
2013,2023,5,15
2014,2023,5,16
2015,2023,5,17
2016,2023,5,18
2017,2023,5,19
2018,2023,5,20
2019,2023,5,21
2020,2023,5,22
2021,2023,5,23
2022,2023,5,24
2023,2023,5,25
2024,2023,5,26
2025,2023,5,27
2026,2023,5,28
2027,2023,5,29
2028,2023,5,30
2029,2023,5,31
2030,2023,6,1
2031,2023,6,2
2032,2023,6,3
2033,2023,6,4
2034,2023,6,5
2035,2023,6,6
2036,2023,6,7
2037,2023,6,8
2038,2023,6,9
2039,2023,6,10
2040,2023,6,11
2041,2023,6,12
2042,2023,6,13
2043,2023,6,14
2044,2023,6,15
2045,2023,6,16
2046,2023,6,17
2047,2023,6,18
2048,2023,6,19
2049,2023,6,20
2050,2023,6,21
2051,2023,6,22
2052,2023,6,23
2053,2023,6,24
2054,2023,6,25
2055,2023,6,26
2056,2023,6,27
2057,2023,6,28
2058,2023,6,29
2059,2023,6,30
2060,2023,7,1
2061,2023,7,2
2062,2023,7,3
2063,2023,7,4
2064,2023,7,5
2065,2023,7,6
2066,2023,7,7
2067,2023,7,8
2068,2023,7,9
2069,2023,7,10
2070,2023,7,11
2071,2023,7,12
2072,2023,7,13
2073,2023,7,14
2074,2023,7,15
2075,2023,7,16
2076,2023,7,17
2077,2023,7,18
2078,2023,7,19
2079,2023,7,20
2080,2023,7,21
2081,2023,7,22
2082,2023,7,23
2083,2023,7,24
2084,2023,7,25
2085,2023,7,26
2086,2023,7,27
2087,2023,7,28
2088,2023,7,29
2089,2023,7,30
2090,2023,7,31
2091,2023,8,1
2092,2023,8,2
2093,2023,8,3
2094,2023,8,4
2095,2023,8,5
2096,2023,8,6
2097,2023,8,7
2098,2023,8,8
2099,2023,8,9
2100,2023,8,10
2101,2023,8,11
2102,2023,8,12
2103,2023,8,13
2104,2023,8,14
2105,2023,8,15
2106,2023,8,16
2107,2023,8,17
2108,2023,8,18
2109,2023,8,19
2110,2023,8,20
2111,2023,8,21
2112,2023,8,22
2113,2023,8,23
2114,2023,8,24
2115,2023,8,25
2116,2023,8,26
2117,2023,8,27
2118,2023,8,28
2119,2023,8,29
2120,2023,8,30
2121,2023,8,31
2122,2023,9,1
2123,2023,9,2
2124,2023,9,3
2125,2023,9,4
2126,2023,9,5
2127,2023,9,6
2128,2023,9,7
2129,2023,9,8
2130,2023,9,9
2131,2023,9,10
2132,2023,9,11
2133,2023,9,12
2134,2023,9,13
2135,2023,9,14
2136,2023,9,15
2137,2023,9,16
2138,2023,9,17
2139,2023,9,18
2140,2023,9,19
2141,2023,9,20
2142,2023,9,21
2143,2023,9,22
2144,2023,9,23
2145,2023,9,24
2146,2023,9,25
2147,2023,9,26
2148,2023,9,27
2149,2023,9,28
2150,2023,9,29
2151,2023,9,30
2152,2023,10,1
2153,2023,10,2
2154,2023,10,3
2155,2023,10,4
2156,2023,10,5
2157,2023,10,6
2158,2023,10,7
2159,2023,10,8
2160,2023,10,9
2161,2023,10,10
2162,2023,10,11
2163,2023,10,12
2164,2023,10,13
2165,2023,10,14
2166,2023,10,15
2167,2023,10,16
2168,2023,10,17
2169,2023,10,18
2170,2023,10,19
2171,2023,10,20
2172,2023,10,21
2173,2023,10,22
2174,2023,10,23
2175,2023,10,24
2176,2023,10,25
2177,2023,10,26
2178,2023,10,27
2179,2023,10,28
2180,2023,10,29
2181,2023,10,30
2182,2023,10,31
2183,2023,11,1
2184,2023,11,2
2185,2023,11,3
2186,2023,11,4
2187,2023,11,5
2188,2023,11,6
2189,2023,11,7
2190,2023,11,8
2191,2023,11,9
2192,2023,11,10
2193,2023,11,11
2194,2023,11,12
2195,2023,11,13
2196,2023,11,14
2197,2023,11,15
2198,2023,11,16
2199,2023,11,17
2200,2023,11,18
2201,2023,11,19
2202,2023,11,20
2203,2023,11,21
2204,2023,11,22
2205,2023,11,23
2206,2023,11,24
2207,2023,11,25
2208,2023,11,26
2209,2023,11,27
2210,2023,11,28
2211,2023,11,29
2212,2023,11,30
2213,2023,12,1
2214,2023,12,2
2215,2023,12,3
2216,2023,12,4
2217,2023,12,5
2218,2023,12,6
2219,2023,12,7
2220,2023,12,8
2221,2023,12,9
2222,2023,12,10
2223,2023,12,11
2224,2023,12,12
2225,2023,12,13
2226,2023,12,14
2227,2023,12,15
2228,2023,12,16
2229,2023,12,17
2230,2023,12,18
2231,2023,12,19
2232,2023,12,20
2233,2023,12,21
2234,2023,12,22
2235,2023,12,23
2236,2023,12,24
2237,2023,12,25
2238,2023,12,26
2239,2023,12,27
2240,2023,12,28
2241,2023,12,29
2242,2023,12,30
2243,2023,12,31
2244,2024,1,1
2245,2024,1,2
2246,2024,1,3
2247,2024,1,4
2248,2024,1,5
2249,2024,1,6
2250,2024,1,7
2251,2024,1,8
2252,2024,1,9
2253,2024,1,10
2254,2024,1,11
2255,2024,1,12
2256,2024,1,13
2257,2024,1,14
2258,2024,1,15
2259,2024,1,16
2260,2024,1,17
2261,2024,1,18
2262,2024,1,19
2263,2024,1,20
2264,2024,1,21
2265,2024,1,22
2266,2024,1,23
2267,2024,1,24
2268,2024,1,25
2269,2024,1,26
2270,2024,1,27
2271,2024,1,28
2272,2024,1,29
2273,2024,1,30
2274,2024,1,31
2275,2024,2,1
2276,2024,2,2
2277,2024,2,3
2278,2024,2,4
2279,2024,2,5
2280,2024,2,6
2281,2024,2,7
2282,2024,2,8
2283,2024,2,9
2284,2024,2,10
2285,2024,2,11
2286,2024,2,12
2287,2024,2,13
2288,2024,2,14
2289,2024,2,15
2290,2024,2,16
2291,2024,2,17
2292,2024,2,18
2293,2024,2,19
2294,2024,2,20
2295,2024,2,21
2296,2024,2,22
2297,2024,2,23
2298,2024,2,24
2299,2024,2,25
2300,2024,2,26
2301,2024,2,27
2302,2024,2,28
2303,2024,2,29
2304,2024,3,1
2305,2024,3,2
2306,2024,3,3
2307,2024,3,4
2308,2024,3,5
2309,2024,3,6
2310,2024,3,7
2311,2024,3,8
2312,2024,3,9
2313,2024,3,10
2314,2024,3,11
2315,2024,3,12
2316,2024,3,13
2317,2024,3,14
2318,2024,3,15
2319,2024,3,16
2320,2024,3,17
2321,2024,3,18
2322,2024,3,19
2323,2024,3,20
2324,2024,3,21
2325,2024,3,22
2326,2024,3,23
2327,2024,3,24
2328,2024,3,25
2329,2024,3,26
2330,2024,3,27
2331,2024,3,28
2332,2024,3,29
2333,2024,3,30
2334,2024,3,31
2335,2024,4,1
2336,2024,4,2
2337,2024,4,3
2338,2024,4,4
2339,2024,4,5
2340,2024,4,6
2341,2024,4,7
2342,2024,4,8
2343,2024,4,9
2344,2024,4,10
2345,2024,4,11
2346,2024,4,12
2347,2024,4,13
2348,2024,4,14
2349,2024,4,15
2350,2024,4,16
2351,2024,4,17
2352,2024,4,18
2353,2024,4,19
2354,2024,4,20
2355,2024,4,21
2356,2024,4,22
2357,2024,4,23
2358,2024,4,24
2359,2024,4,25
2360,2024,4,26
2361,2024,4,27
2362,2024,4,28
2363,2024,4,29
2364,2024,4,30
2365,2024,5,1
2366,2024,5,2
2367,2024,5,3
2368,2024,5,4
2369,2024,5,5
2370,2024,5,6
2371,2024,5,7
2372,2024,5,8
2373,2024,5,9
2374,2024,5,10
2375,2024,5,11
2376,2024,5,12
2377,2024,5,13
2378,2024,5,14
2379,2024,5,15
2380,2024,5,16
2381,2024,5,17
2382,2024,5,18
2383,2024,5,19
2384,2024,5,20
2385,2024,5,21
2386,2024,5,22
2387,2024,5,23
2388,2024,5,24
2389,2024,5,25
2390,2024,5,26
2391,2024,5,27
2392,2024,5,28
2393,2024,5,29
2394,2024,5,30
2395,2024,5,31
2396,2024,6,1
2397,2024,6,2
2398,2024,6,3
2399,2024,6,4
2400,2024,6,5
2401,2024,6,6
2402,2024,6,7
2403,2024,6,8
2404,2024,6,9
2405,2024,6,10
2406,2024,6,11
2407,2024,6,12
2408,2024,6,13
2409,2024,6,14
2410,2024,6,15
2411,2024,6,16
2412,2024,6,17
2413,2024,6,18
2414,2024,6,19
2415,2024,6,20
2416,2024,6,21
2417,2024,6,22
2418,2024,6,23
2419,2024,6,24
2420,2024,6,25
2421,2024,6,26
2422,2024,6,27
2423,2024,6,28
2424,2024,6,29
2425,2024,6,30
2426,2024,7,1
2427,2024,7,2
2428,2024,7,3
2429,2024,7,4
2430,2024,7,5
2431,2024,7,6
2432,2024,7,7
2433,2024,7,8
2434,2024,7,9
2435,2024,7,10
2436,2024,7,11
2437,2024,7,12
2438,2024,7,13
2439,2024,7,14
2440,2024,7,15
2441,2024,7,16
2442,2024,7,17
2443,2024,7,18
2444,2024,7,19
2445,2024,7,20
2446,2024,7,21
2447,2024,7,22
2448,2024,7,23
2449,2024,7,24
2450,2024,7,25
2451,2024,7,26
2452,2024,7,27
2453,2024,7,28
2454,2024,7,29
2455,2024,7,30
2456,2024,7,31
2457,2024,8,1
2458,2024,8,2
2459,2024,8,3
2460,2024,8,4
2461,2024,8,5
2462,2024,8,6
2463,2024,8,7
2464,2024,8,8
2465,2024,8,9
2466,2024,8,10
2467,2024,8,11
2468,2024,8,12
2469,2024,8,13
2470,2024,8,14
2471,2024,8,15
2472,2024,8,16
2473,2024,8,17
2474,2024,8,18
2475,2024,8,19
2476,2024,8,20
2477,2024,8,21
2478,2024,8,22
2479,2024,8,23
2480,2024,8,24
2481,2024,8,25
2482,2024,8,26
2483,2024,8,27
2484,2024,8,28
2485,2024,8,29
2486,2024,8,30
2487,2024,8,31
2488,2024,9,1
2489,2024,9,2
2490,2024,9,3
2491,2024,9,4
2492,2024,9,5
2493,2024,9,6
2494,2024,9,7
2495,2024,9,8
2496,2024,9,9
2497,2024,9,10
2498,2024,9,11
2499,2024,9,12
2500,2024,9,13
2501,2024,9,14
2502,2024,9,15
2503,2024,9,16
2504,2024,9,17
2505,2024,9,18
2506,2024,9,19
2507,2024,9,20
2508,2024,9,21
2509,2024,9,22
2510,2024,9,23
2511,2024,9,24
2512,2024,9,25
2513,2024,9,26
2514,2024,9,27
2515,2024,9,28
2516,2024,9,29
2517,2024,9,30
2518,2024,10,1
2519,2024,10,2
2520,2024,10,3
2521,2024,10,4
2522,2024,10,5
2523,2024,10,6
2524,2024,10,7
2525,2024,10,8
2526,2024,10,9
2527,2024,10,10
2528,2024,10,11
2529,2024,10,12
2530,2024,10,13
2531,2024,10,14
2532,2024,10,15
2533,2024,10,16
2534,2024,10,17
2535,2024,10,18
2536,2024,10,19
2537,2024,10,20
2538,2024,10,21
2539,2024,10,22
2540,2024,10,23
2541,2024,10,24
2542,2024,10,25
2543,2024,10,26
2544,2024,10,27
2545,2024,10,28
2546,2024,10,29
2547,2024,10,30
2548,2024,10,31
2549,2024,11,1
2550,2024,11,2
2551,2024,11,3
2552,2024,11,4
2553,2024,11,5
2554,2024,11,6
2555,2024,11,7
2556,2024,11,8
2557,2024,11,9
2558,2024,11,10
2559,2024,11,11
2560,2024,11,12
2561,2024,11,13
2562,2024,11,14
2563,2024,11,15
2564,2024,11,16
2565,2024,11,17
2566,2024,11,18
2567,2024,11,19
2568,2024,11,20
2569,2024,11,21
2570,2024,11,22
2571,2024,11,23
2572,2024,11,24
2573,2024,11,25
2574,2024,11,26
2575,2024,11,27
2576,2024,11,28
2577,2024,11,29
2578,2024,11,30
2579,2024,12,1
2580,2024,12,2
2581,2024,12,3
2582,2024,12,4
2583,2024,12,5
2584,2024,12,6
2585,2024,12,7
2586,2024,12,8
2587,2024,12,9
2588,2024,12,10
2589,2024,12,11
2590,2024,12,12
2591,2024,12,13
2592,2024,12,14
2593,2024,12,15
2594,2024,12,16
2595,2024,12,17
2596,2024,12,18
2597,2024,12,19
2598,2024,12,20
2599,2024,12,21
2600,2024,12,22
2601,2024,12,23
2602,2024,12,24
2603,2024,12,25
2604,2024,12,26
2605,2024,12,27
2606,2024,12,28
2607,2024,12,29
2608,2024,12,30
2609,2024,12,31
2610,2025,1,1
2611,2025,1,2
2612,2025,1,3
2613,2025,1,4
2614,2025,1,5
2615,2025,1,6
2616,2025,1,7
2617,2025,1,8
2618,2025,1,9
2619,2025,1,10
2620,2025,1,11
2621,2025,1,12
2622,2025,1,13
2623,2025,1,14
2624,2025,1,15
2625,2025,1,16
2626,2025,1,17
2627,2025,1,18
2628,2025,1,19
2629,2025,1,20
2630,2025,1,21
2631,2025,1,22
2632,2025,1,23
2633,2025,1,24
2634,2025,1,25
2635,2025,1,26
2636,2025,1,27
2637,2025,1,28
2638,2025,1,29
2639,2025,1,30
2640,2025,1,31
2641,2025,2,1
2642,2025,2,2
2643,2025,2,3
2644,2025,2,4
2645,2025,2,5
2646,2025,2,6
2647,2025,2,7
2648,2025,2,8
2649,2025,2,9
2650,2025,2,10
2651,2025,2,11
2652,2025,2,12
2653,2025,2,13
2654,2025,2,14
2655,2025,2,15
2656,2025,2,16
2657,2025,2,17
2658,2025,2,18
2659,2025,2,19
2660,2025,2,20
2661,2025,2,21
2662,2025,2,22
2663,2025,2,23
2664,2025,2,24
2665,2025,2,25
2666,2025,2,26
2667,2025,2,27
2668,2025,2,28
2669,2025,3,1
2670,2025,3,2
2671,2025,3,3
2672,2025,3,4
2673,2025,3,5
2674,2025,3,6
2675,2025,3,7
2676,2025,3,8
2677,2025,3,9
2678,2025,3,10
2679,2025,3,11
2680,2025,3,12
2681,2025,3,13
2682,2025,3,14
2683,2025,3,15
2684,2025,3,16
2685,2025,3,17
2686,2025,3,18
2687,2025,3,19
2688,2025,3,20
2689,2025,3,21
2690,2025,3,22
2691,2025,3,23
2692,2025,3,24
2693,2025,3,25
2694,2025,3,26
2695,2025,3,27
2696,2025,3,28
2697,2025,3,29
2698,2025,3,30
2699,2025,3,31
2700,2025,4,1
2701,2025,4,2
2702,2025,4,3
2703,2025,4,4
2704,2025,4,5
2705,2025,4,6
2706,2025,4,7
2707,2025,4,8
2708,2025,4,9
2709,2025,4,10
2710,2025,4,11
2711,2025,4,12
2712,2025,4,13
2713,2025,4,14
2714,2025,4,15
2715,2025,4,16
2716,2025,4,17
2717,2025,4,18
2718,2025,4,19
2719,2025,4,20
2720,2025,4,21
2721,2025,4,22
2722,2025,4,23
2723,2025,4,24
2724,2025,4,25
2725,2025,4,26
2726,2025,4,27
2727,2025,4,28
2728,2025,4,29
2729,2025,4,30
2730,2025,5,1
2731,2025,5,2
2732,2025,5,3
2733,2025,5,4
2734,2025,5,5
2735,2025,5,6
2736,2025,5,7
2737,2025,5,8
2738,2025,5,9
2739,2025,5,10
2740,2025,5,11
2741,2025,5,12
2742,2025,5,13
2743,2025,5,14
2744,2025,5,15
2745,2025,5,16
2746,2025,5,17
2747,2025,5,18
2748,2025,5,19
2749,2025,5,20
2750,2025,5,21
2751,2025,5,22
2752,2025,5,23
2753,2025,5,24
2754,2025,5,25
2755,2025,5,26
2756,2025,5,27
2757,2025,5,28
2758,2025,5,29
2759,2025,5,30
2760,2025,5,31
2761,2025,6,1
2762,2025,6,2
2763,2025,6,3
2764,2025,6,4
2765,2025,6,5
2766,2025,6,6
2767,2025,6,7
2768,2025,6,8
2769,2025,6,9
2770,2025,6,10
2771,2025,6,11
2772,2025,6,12
2773,2025,6,13
2774,2025,6,14
2775,2025,6,15
2776,2025,6,16
2777,2025,6,17
2778,2025,6,18
2779,2025,6,19
2780,2025,6,20
2781,2025,6,21
2782,2025,6,22
2783,2025,6,23
2784,2025,6,24
2785,2025,6,25
2786,2025,6,26
2787,2025,6,27
2788,2025,6,28
2789,2025,6,29
2790,2025,6,30
2791,2025,7,1
2792,2025,7,2
2793,2025,7,3
2794,2025,7,4
2795,2025,7,5
2796,2025,7,6
2797,2025,7,7
2798,2025,7,8
2799,2025,7,9
2800,2025,7,10
2801,2025,7,11
2802,2025,7,12
2803,2025,7,13
2804,2025,7,14
2805,2025,7,15
2806,2025,7,16
2807,2025,7,17
2808,2025,7,18
2809,2025,7,19
2810,2025,7,20
2811,2025,7,21
2812,2025,7,22
2813,2025,7,23
2814,2025,7,24
2815,2025,7,25
2816,2025,7,26
2817,2025,7,27
2818,2025,7,28
2819,2025,7,29
2820,2025,7,30
2821,2025,7,31
2822,2025,8,1
2823,2025,8,2
2824,2025,8,3
2825,2025,8,4
2826,2025,8,5
2827,2025,8,6
2828,2025,8,7
2829,2025,8,8
2830,2025,8,9
2831,2025,8,10
2832,2025,8,11
2833,2025,8,12
2834,2025,8,13
2835,2025,8,14
2836,2025,8,15
2837,2025,8,16
2838,2025,8,17
2839,2025,8,18
2840,2025,8,19
2841,2025,8,20
2842,2025,8,21
2843,2025,8,22
2844,2025,8,23
2845,2025,8,24
2846,2025,8,25
2847,2025,8,26
2848,2025,8,27
2849,2025,8,28
2850,2025,8,29
2851,2025,8,30
2852,2025,8,31
2853,2025,9,1
2854,2025,9,2
2855,2025,9,3
2856,2025,9,4
2857,2025,9,5
2858,2025,9,6
2859,2025,9,7
2860,2025,9,8
2861,2025,9,9
2862,2025,9,10
2863,2025,9,11
2864,2025,9,12
2865,2025,9,13
2866,2025,9,14
2867,2025,9,15
2868,2025,9,16
2869,2025,9,17
2870,2025,9,18
2871,2025,9,19
2872,2025,9,20
2873,2025,9,21
2874,2025,9,22
2875,2025,9,23
2876,2025,9,24
2877,2025,9,25
2878,2025,9,26
2879,2025,9,27
2880,2025,9,28
2881,2025,9,29
2882,2025,9,30
2883,2025,10,1
2884,2025,10,2
2885,2025,10,3
2886,2025,10,4
2887,2025,10,5
2888,2025,10,6
2889,2025,10,7
2890,2025,10,8
2891,2025,10,9
2892,2025,10,10
2893,2025,10,11
2894,2025,10,12
2895,2025,10,13
2896,2025,10,14
2897,2025,10,15
2898,2025,10,16
2899,2025,10,17
2900,2025,10,18
2901,2025,10,19
2902,2025,10,20
2903,2025,10,21
2904,2025,10,22
2905,2025,10,23
2906,2025,10,24
2907,2025,10,25
2908,2025,10,26
2909,2025,10,27
2910,2025,10,28
2911,2025,10,29
2912,2025,10,30
2913,2025,10,31
2914,2025,11,1
2915,2025,11,2
2916,2025,11,3
2917,2025,11,4
2918,2025,11,5
2919,2025,11,6
2920,2025,11,7
2921,2025,11,8
2922,2025,11,9
2923,2025,11,10
2924,2025,11,11
2925,2025,11,12
2926,2025,11,13
2927,2025,11,14
2928,2025,11,15
2929,2025,11,16
2930,2025,11,17
2931,2025,11,18
2932,2025,11,19
2933,2025,11,20
2934,2025,11,21
2935,2025,11,22
2936,2025,11,23
2937,2025,11,24
2938,2025,11,25
2939,2025,11,26
2940,2025,11,27
2941,2025,11,28
2942,2025,11,29
2943,2025,11,30
2944,2025,12,1
2945,2025,12,2
2946,2025,12,3
2947,2025,12,4
2948,2025,12,5
2949,2025,12,6
2950,2025,12,7
2951,2025,12,8
2952,2025,12,9
2953,2025,12,10
2954,2025,12,11
2955,2025,12,12
2956,2025,12,13
2957,2025,12,14
2958,2025,12,15
2959,2025,12,16
2960,2025,12,17
2961,2025,12,18
2962,2025,12,19
2963,2025,12,20
2964,2025,12,21
2965,2025,12,22
2966,2025,12,23
2967,2025,12,24
2968,2025,12,25
2969,2025,12,26
2970,2025,12,27
2971,2025,12,28
2972,2025,12,29
2973,2025,12,30
2974,2025,12,31
2975,2026,1,1
2976,2026,1,2
2977,2026,1,3
2978,2026,1,4
2979,2026,1,5
2980,2026,1,6
2981,2026,1,7
2982,2026,1,8
2983,2026,1,9
2984,2026,1,10
2985,2026,1,11
2986,2026,1,12
2987,2026,1,13
2988,2026,1,14
2989,2026,1,15
2990,2026,1,16
2991,2026,1,17
2992,2026,1,18
2993,2026,1,19
2994,2026,1,20
2995,2026,1,21
2996,2026,1,22
2997,2026,1,23
2998,2026,1,24
2999,2026,1,25
3000,2026,1,26
3001,2026,1,27
3002,2026,1,28
3003,2026,1,29
3004,2026,1,30
3005,2026,1,31
3006,2026,2,1
3007,2026,2,2
3008,2026,2,3
3009,2026,2,4
3010,2026,2,5
3011,2026,2,6
3012,2026,2,7
3013,2026,2,8
3014,2026,2,9
3015,2026,2,10
3016,2026,2,11
3017,2026,2,12
3018,2026,2,13
3019,2026,2,14
3020,2026,2,15
3021,2026,2,16
3022,2026,2,17
3023,2026,2,18
3024,2026,2,19
3025,2026,2,20
3026,2026,2,21
3027,2026,2,22
3028,2026,2,23
3029,2026,2,24
3030,2026,2,25
3031,2026,2,26
3032,2026,2,27
3033,2026,2,28
3034,2026,3,1
3035,2026,3,2
3036,2026,3,3
3037,2026,3,4
3038,2026,3,5
3039,2026,3,6
3040,2026,3,7
3041,2026,3,8
3042,2026,3,9
3043,2026,3,10
3044,2026,3,11
3045,2026,3,12
3046,2026,3,13
3047,2026,3,14
3048,2026,3,15
3049,2026,3,16
3050,2026,3,17
3051,2026,3,18
3052,2026,3,19
3053,2026,3,20
3054,2026,3,21
3055,2026,3,22
3056,2026,3,23
3057,2026,3,24
3058,2026,3,25
3059,2026,3,26
3060,2026,3,27
3061,2026,3,28
3062,2026,3,29
3063,2026,3,30
3064,2026,3,31
3065,2026,4,1
3066,2026,4,2
3067,2026,4,3
3068,2026,4,4
3069,2026,4,5
3070,2026,4,6
3071,2026,4,7
3072,2026,4,8
3073,2026,4,9
3074,2026,4,10
3075,2026,4,11
3076,2026,4,12
3077,2026,4,13
3078,2026,4,14
3079,2026,4,15
3080,2026,4,16
3081,2026,4,17
3082,2026,4,18
3083,2026,4,19
3084,2026,4,20
3085,2026,4,21
3086,2026,4,22
3087,2026,4,23
3088,2026,4,24
3089,2026,4,25
3090,2026,4,26
3091,2026,4,27
3092,2026,4,28
3093,2026,4,29
3094,2026,4,30
3095,2026,5,1
3096,2026,5,2
3097,2026,5,3
3098,2026,5,4
3099,2026,5,5
3100,2026,5,6
3101,2026,5,7
3102,2026,5,8
3103,2026,5,9
3104,2026,5,10
3105,2026,5,11
3106,2026,5,12
3107,2026,5,13
3108,2026,5,14
3109,2026,5,15
3110,2026,5,16
3111,2026,5,17
3112,2026,5,18
3113,2026,5,19
3114,2026,5,20
3115,2026,5,21
3116,2026,5,22
3117,2026,5,23
3118,2026,5,24
3119,2026,5,25
3120,2026,5,26
3121,2026,5,27
3122,2026,5,28
3123,2026,5,29
3124,2026,5,30
3125,2026,5,31
3126,2026,6,1
3127,2026,6,2
3128,2026,6,3
3129,2026,6,4
3130,2026,6,5
3131,2026,6,6
3132,2026,6,7
3133,2026,6,8
3134,2026,6,9
3135,2026,6,10
3136,2026,6,11
3137,2026,6,12
3138,2026,6,13
3139,2026,6,14
3140,2026,6,15
3141,2026,6,16
3142,2026,6,17
3143,2026,6,18
3144,2026,6,19
3145,2026,6,20
3146,2026,6,21
3147,2026,6,22
3148,2026,6,23
3149,2026,6,24
3150,2026,6,25
3151,2026,6,26
3152,2026,6,27
3153,2026,6,28
3154,2026,6,29
3155,2026,6,30
3156,2026,7,1
3157,2026,7,2
3158,2026,7,3
3159,2026,7,4
3160,2026,7,5
3161,2026,7,6
3162,2026,7,7
3163,2026,7,8
3164,2026,7,9
3165,2026,7,10
3166,2026,7,11
3167,2026,7,12
3168,2026,7,13
3169,2026,7,14
3170,2026,7,15
3171,2026,7,16
3172,2026,7,17
3173,2026,7,18
3174,2026,7,19
3175,2026,7,20
3176,2026,7,21
3177,2026,7,22
3178,2026,7,23
3179,2026,7,24
3180,2026,7,25
3181,2026,7,26
3182,2026,7,27
3183,2026,7,28
3184,2026,7,29
3185,2026,7,30
3186,2026,7,31
3187,2026,8,1
3188,2026,8,2
3189,2026,8,3
3190,2026,8,4
3191,2026,8,5
3192,2026,8,6
3193,2026,8,7
3194,2026,8,8
3195,2026,8,9
3196,2026,8,10
3197,2026,8,11
3198,2026,8,12
3199,2026,8,13
3200,2026,8,14
3201,2026,8,15
3202,2026,8,16
3203,2026,8,17
3204,2026,8,18
3205,2026,8,19
3206,2026,8,20
3207,2026,8,21
3208,2026,8,22
3209,2026,8,23
3210,2026,8,24
3211,2026,8,25
3212,2026,8,26
3213,2026,8,27
3214,2026,8,28
3215,2026,8,29
3216,2026,8,30
3217,2026,8,31
3218,2026,9,1
3219,2026,9,2
3220,2026,9,3
3221,2026,9,4
3222,2026,9,5
3223,2026,9,6
3224,2026,9,7
3225,2026,9,8
3226,2026,9,9
3227,2026,9,10
3228,2026,9,11
3229,2026,9,12
3230,2026,9,13
3231,2026,9,14
3232,2026,9,15
3233,2026,9,16
3234,2026,9,17
3235,2026,9,18
3236,2026,9,19
3237,2026,9,20
3238,2026,9,21
3239,2026,9,22
3240,2026,9,23
3241,2026,9,24
3242,2026,9,25
3243,2026,9,26
3244,2026,9,27
3245,2026,9,28
3246,2026,9,29
3247,2026,9,30
3248,2026,10,1
3249,2026,10,2
3250,2026,10,3
3251,2026,10,4
3252,2026,10,5
3253,2026,10,6
3254,2026,10,7
3255,2026,10,8
3256,2026,10,9
3257,2026,10,10
3258,2026,10,11
3259,2026,10,12
3260,2026,10,13
3261,2026,10,14
3262,2026,10,15
3263,2026,10,16
3264,2026,10,17
3265,2026,10,18
3266,2026,10,19
3267,2026,10,20
3268,2026,10,21
3269,2026,10,22
3270,2026,10,23
3271,2026,10,24
3272,2026,10,25
3273,2026,10,26
3274,2026,10,27
3275,2026,10,28
3276,2026,10,29
3277,2026,10,30
3278,2026,10,31
3279,2026,11,1
3280,2026,11,2
3281,2026,11,3
3282,2026,11,4
3283,2026,11,5
3284,2026,11,6
3285,2026,11,7
3286,2026,11,8
3287,2026,11,9
3288,2026,11,10
3289,2026,11,11
3290,2026,11,12
3291,2026,11,13
3292,2026,11,14
3293,2026,11,15
3294,2026,11,16
3295,2026,11,17
3296,2026,11,18
3297,2026,11,19
3298,2026,11,20
3299,2026,11,21
3300,2026,11,22
3301,2026,11,23
3302,2026,11,24
3303,2026,11,25
3304,2026,11,26
3305,2026,11,27
3306,2026,11,28
3307,2026,11,29
3308,2026,11,30
3309,2026,12,1
3310,2026,12,2
3311,2026,12,3
3312,2026,12,4
3313,2026,12,5
3314,2026,12,6
3315,2026,12,7
3316,2026,12,8
3317,2026,12,9
3318,2026,12,10
3319,2026,12,11
3320,2026,12,12
3321,2026,12,13
3322,2026,12,14
3323,2026,12,15
3324,2026,12,16
3325,2026,12,17
3326,2026,12,18
3327,2026,12,19
3328,2026,12,20
3329,2026,12,21
3330,2026,12,22
3331,2026,12,23
3332,2026,12,24
3333,2026,12,25
3334,2026,12,26
3335,2026,12,27
3336,2026,12,28
3337,2026,12,29
3338,2026,12,30
3339,2026,12,31
3340,2027,1,1
3341,2027,1,2
3342,2027,1,3
3343,2027,1,4
3344,2027,1,5
3345,2027,1,6
3346,2027,1,7
3347,2027,1,8
3348,2027,1,9
3349,2027,1,10
3350,2027,1,11
3351,2027,1,12
3352,2027,1,13
3353,2027,1,14
3354,2027,1,15
3355,2027,1,16
3356,2027,1,17
3357,2027,1,18
3358,2027,1,19
3359,2027,1,20
3360,2027,1,21
3361,2027,1,22
3362,2027,1,23
3363,2027,1,24
3364,2027,1,25
3365,2027,1,26
3366,2027,1,27
3367,2027,1,28
3368,2027,1,29
3369,2027,1,30
3370,2027,1,31
3371,2027,2,1
3372,2027,2,2
3373,2027,2,3
3374,2027,2,4
3375,2027,2,5
3376,2027,2,6
3377,2027,2,7
3378,2027,2,8
3379,2027,2,9
3380,2027,2,10
3381,2027,2,11
3382,2027,2,12
3383,2027,2,13
3384,2027,2,14
3385,2027,2,15
3386,2027,2,16
3387,2027,2,17
3388,2027,2,18
3389,2027,2,19
3390,2027,2,20
3391,2027,2,21
3392,2027,2,22
3393,2027,2,23
3394,2027,2,24
3395,2027,2,25
3396,2027,2,26
3397,2027,2,27
3398,2027,2,28
3399,2027,3,1
3400,2027,3,2
3401,2027,3,3
3402,2027,3,4
3403,2027,3,5
3404,2027,3,6
3405,2027,3,7
3406,2027,3,8
3407,2027,3,9
3408,2027,3,10
3409,2027,3,11
3410,2027,3,12
3411,2027,3,13
3412,2027,3,14
3413,2027,3,15
3414,2027,3,16
3415,2027,3,17
3416,2027,3,18
3417,2027,3,19
3418,2027,3,20
3419,2027,3,21
3420,2027,3,22
3421,2027,3,23
3422,2027,3,24
3423,2027,3,25
3424,2027,3,26
3425,2027,3,27
3426,2027,3,28
3427,2027,3,29
3428,2027,3,30
3429,2027,3,31
3430,2027,4,1
3431,2027,4,2
3432,2027,4,3
3433,2027,4,4
3434,2027,4,5
3435,2027,4,6
3436,2027,4,7
3437,2027,4,8
3438,2027,4,9
3439,2027,4,10
3440,2027,4,11
3441,2027,4,12
3442,2027,4,13
3443,2027,4,14
3444,2027,4,15
3445,2027,4,16
3446,2027,4,17
3447,2027,4,18
3448,2027,4,19
3449,2027,4,20
3450,2027,4,21
3451,2027,4,22
3452,2027,4,23
3453,2027,4,24
3454,2027,4,25
3455,2027,4,26
3456,2027,4,27
3457,2027,4,28
3458,2027,4,29
3459,2027,4,30
3460,2027,5,1
3461,2027,5,2
3462,2027,5,3
3463,2027,5,4
3464,2027,5,5
3465,2027,5,6
3466,2027,5,7
3467,2027,5,8
3468,2027,5,9
3469,2027,5,10
3470,2027,5,11
3471,2027,5,12
3472,2027,5,13
3473,2027,5,14
3474,2027,5,15
3475,2027,5,16
3476,2027,5,17
3477,2027,5,18
3478,2027,5,19
3479,2027,5,20
3480,2027,5,21
3481,2027,5,22
3482,2027,5,23
3483,2027,5,24
3484,2027,5,25
3485,2027,5,26
3486,2027,5,27
3487,2027,5,28
3488,2027,5,29
3489,2027,5,30
3490,2027,5,31
3491,2027,6,1
3492,2027,6,2
3493,2027,6,3
3494,2027,6,4
3495,2027,6,5
3496,2027,6,6
3497,2027,6,7
3498,2027,6,8
3499,2027,6,9
3500,2027,6,10
3501,2027,6,11
3502,2027,6,12
3503,2027,6,13
3504,2027,6,14
3505,2027,6,15
3506,2027,6,16
3507,2027,6,17
3508,2027,6,18
3509,2027,6,19
3510,2027,6,20
3511,2027,6,21
3512,2027,6,22
3513,2027,6,23
3514,2027,6,24
3515,2027,6,25
3516,2027,6,26
3517,2027,6,27
3518,2027,6,28
3519,2027,6,29
3520,2027,6,30
3521,2027,7,1
3522,2027,7,2
3523,2027,7,3
3524,2027,7,4
3525,2027,7,5
3526,2027,7,6
3527,2027,7,7
3528,2027,7,8
3529,2027,7,9
3530,2027,7,10
3531,2027,7,11
3532,2027,7,12
3533,2027,7,13
3534,2027,7,14
3535,2027,7,15
3536,2027,7,16
3537,2027,7,17
3538,2027,7,18
3539,2027,7,19
3540,2027,7,20
3541,2027,7,21
3542,2027,7,22
3543,2027,7,23
3544,2027,7,24
3545,2027,7,25
3546,2027,7,26
3547,2027,7,27
3548,2027,7,28
3549,2027,7,29
3550,2027,7,30
3551,2027,7,31
3552,2027,8,1
3553,2027,8,2
3554,2027,8,3
3555,2027,8,4
3556,2027,8,5
3557,2027,8,6
3558,2027,8,7
3559,2027,8,8
3560,2027,8,9
3561,2027,8,10
3562,2027,8,11
3563,2027,8,12
3564,2027,8,13
3565,2027,8,14
3566,2027,8,15
3567,2027,8,16
3568,2027,8,17
3569,2027,8,18
3570,2027,8,19
3571,2027,8,20
3572,2027,8,21
3573,2027,8,22
3574,2027,8,23
3575,2027,8,24
3576,2027,8,25
3577,2027,8,26
3578,2027,8,27
3579,2027,8,28
3580,2027,8,29
3581,2027,8,30
3582,2027,8,31
3583,2027,9,1
3584,2027,9,2
3585,2027,9,3
3586,2027,9,4
3587,2027,9,5
3588,2027,9,6
3589,2027,9,7
3590,2027,9,8
3591,2027,9,9
3592,2027,9,10
3593,2027,9,11
3594,2027,9,12
3595,2027,9,13
3596,2027,9,14
3597,2027,9,15
3598,2027,9,16
3599,2027,9,17
3600,2027,9,18
3601,2027,9,19
3602,2027,9,20
3603,2027,9,21
3604,2027,9,22
3605,2027,9,23
3606,2027,9,24
3607,2027,9,25
3608,2027,9,26
3609,2027,9,27
3610,2027,9,28
3611,2027,9,29
3612,2027,9,30
3613,2027,10,1
3614,2027,10,2
3615,2027,10,3
3616,2027,10,4
3617,2027,10,5
3618,2027,10,6
3619,2027,10,7
3620,2027,10,8
3621,2027,10,9
3622,2027,10,10
3623,2027,10,11
3624,2027,10,12
3625,2027,10,13
3626,2027,10,14
3627,2027,10,15
3628,2027,10,16
3629,2027,10,17
3630,2027,10,18
3631,2027,10,19
3632,2027,10,20
3633,2027,10,21
3634,2027,10,22
3635,2027,10,23
3636,2027,10,24
3637,2027,10,25
3638,2027,10,26
3639,2027,10,27
3640,2027,10,28
3641,2027,10,29
3642,2027,10,30
3643,2027,10,31
3644,2027,11,1
3645,2027,11,2
3646,2027,11,3
3647,2027,11,4
3648,2027,11,5
3649,2027,11,6
3650,2027,11,7
3651,2027,11,8
3652,2027,11,9
3653,2027,11,10
3654,2027,11,11
3655,2027,11,12
3656,2027,11,13
3657,2027,11,14
3658,2027,11,15
3659,2027,11,16
3660,2027,11,17
3661,2027,11,18
3662,2027,11,19
3663,2027,11,20
3664,2027,11,21
3665,2027,11,22
3666,2027,11,23
3667,2027,11,24
3668,2027,11,25
3669,2027,11,26
3670,2027,11,27
3671,2027,11,28
3672,2027,11,29
3673,2027,11,30
3674,2027,12,1
3675,2027,12,2
3676,2027,12,3
3677,2027,12,4
3678,2027,12,5
3679,2027,12,6
3680,2027,12,7
3681,2027,12,8
3682,2027,12,9
3683,2027,12,10
3684,2027,12,11
3685,2027,12,12
3686,2027,12,13
3687,2027,12,14
3688,2027,12,15
3689,2027,12,16
3690,2027,12,17
3691,2027,12,18
3692,2027,12,19
3693,2027,12,20
3694,2027,12,21
3695,2027,12,22
3696,2027,12,23
3697,2027,12,24
3698,2027,12,25
3699,2027,12,26
3700,2027,12,27
3701,2027,12,28
3702,2027,12,29
3703,2027,12,30
3704,2027,12,31
3705,2028,1,1
3706,2028,1,2
3707,2028,1,3
3708,2028,1,4
3709,2028,1,5
3710,2028,1,6
3711,2028,1,7
3712,2028,1,8
3713,2028,1,9
3714,2028,1,10
3715,2028,1,11
3716,2028,1,12
3717,2028,1,13
3718,2028,1,14
3719,2028,1,15
3720,2028,1,16
3721,2028,1,17
3722,2028,1,18
3723,2028,1,19
3724,2028,1,20
3725,2028,1,21
3726,2028,1,22
3727,2028,1,23
3728,2028,1,24
3729,2028,1,25
3730,2028,1,26
3731,2028,1,27
3732,2028,1,28
3733,2028,1,29
3734,2028,1,30
3735,2028,1,31
3736,2028,2,1
3737,2028,2,2
3738,2028,2,3
3739,2028,2,4
3740,2028,2,5
3741,2028,2,6
3742,2028,2,7
3743,2028,2,8
3744,2028,2,9
3745,2028,2,10
3746,2028,2,11
3747,2028,2,12
3748,2028,2,13
3749,2028,2,14
3750,2028,2,15
3751,2028,2,16
3752,2028,2,17
3753,2028,2,18
3754,2028,2,19
3755,2028,2,20
3756,2028,2,21
3757,2028,2,22
3758,2028,2,23
3759,2028,2,24
3760,2028,2,25
3761,2028,2,26
3762,2028,2,27
3763,2028,2,28
3764,2028,2,29
3765,2028,3,1
3766,2028,3,2
3767,2028,3,3
3768,2028,3,4
3769,2028,3,5
3770,2028,3,6
3771,2028,3,7
3772,2028,3,8
3773,2028,3,9
3774,2028,3,10
3775,2028,3,11
3776,2028,3,12
3777,2028,3,13
3778,2028,3,14
3779,2028,3,15
3780,2028,3,16
3781,2028,3,17
3782,2028,3,18
3783,2028,3,19
3784,2028,3,20
3785,2028,3,21
3786,2028,3,22
3787,2028,3,23
3788,2028,3,24
3789,2028,3,25
3790,2028,3,26
3791,2028,3,27
3792,2028,3,28
3793,2028,3,29
3794,2028,3,30
3795,2028,3,31
3796,2028,4,1
3797,2028,4,2
3798,2028,4,3
3799,2028,4,4
3800,2028,4,5
3801,2028,4,6
3802,2028,4,7
3803,2028,4,8
3804,2028,4,9
3805,2028,4,10
3806,2028,4,11
3807,2028,4,12
3808,2028,4,13
3809,2028,4,14
3810,2028,4,15
3811,2028,4,16
3812,2028,4,17
3813,2028,4,18
3814,2028,4,19
3815,2028,4,20
3816,2028,4,21
3817,2028,4,22
3818,2028,4,23
3819,2028,4,24
3820,2028,4,25
3821,2028,4,26
3822,2028,4,27
3823,2028,4,28
3824,2028,4,29
3825,2028,4,30
3826,2028,5,1
3827,2028,5,2
3828,2028,5,3
3829,2028,5,4
3830,2028,5,5
3831,2028,5,6
3832,2028,5,7
3833,2028,5,8
3834,2028,5,9
3835,2028,5,10
3836,2028,5,11
3837,2028,5,12
3838,2028,5,13
3839,2028,5,14
3840,2028,5,15
3841,2028,5,16
3842,2028,5,17
3843,2028,5,18
3844,2028,5,19
3845,2028,5,20
3846,2028,5,21
3847,2028,5,22
3848,2028,5,23
3849,2028,5,24
3850,2028,5,25
3851,2028,5,26
3852,2028,5,27
3853,2028,5,28
3854,2028,5,29
3855,2028,5,30
3856,2028,5,31
3857,2028,6,1
3858,2028,6,2
3859,2028,6,3
3860,2028,6,4
3861,2028,6,5
3862,2028,6,6
3863,2028,6,7
3864,2028,6,8
3865,2028,6,9
3866,2028,6,10
3867,2028,6,11
3868,2028,6,12
3869,2028,6,13
3870,2028,6,14
3871,2028,6,15
3872,2028,6,16
3873,2028,6,17
3874,2028,6,18
3875,2028,6,19
3876,2028,6,20
3877,2028,6,21
3878,2028,6,22
3879,2028,6,23
3880,2028,6,24
3881,2028,6,25
3882,2028,6,26
3883,2028,6,27
3884,2028,6,28
3885,2028,6,29
3886,2028,6,30
3887,2028,7,1
3888,2028,7,2
3889,2028,7,3
3890,2028,7,4
3891,2028,7,5
3892,2028,7,6
3893,2028,7,7
3894,2028,7,8
3895,2028,7,9
3896,2028,7,10
3897,2028,7,11
3898,2028,7,12
3899,2028,7,13
3900,2028,7,14
3901,2028,7,15
3902,2028,7,16
3903,2028,7,17
3904,2028,7,18
3905,2028,7,19
3906,2028,7,20
3907,2028,7,21
3908,2028,7,22
3909,2028,7,23
3910,2028,7,24
3911,2028,7,25
3912,2028,7,26
3913,2028,7,27
3914,2028,7,28
3915,2028,7,29
3916,2028,7,30
3917,2028,7,31
3918,2028,8,1
3919,2028,8,2
3920,2028,8,3
3921,2028,8,4
3922,2028,8,5
3923,2028,8,6
3924,2028,8,7
3925,2028,8,8
3926,2028,8,9
3927,2028,8,10
3928,2028,8,11
3929,2028,8,12
3930,2028,8,13
3931,2028,8,14
3932,2028,8,15
3933,2028,8,16
3934,2028,8,17
3935,2028,8,18
3936,2028,8,19
3937,2028,8,20
3938,2028,8,21
3939,2028,8,22
3940,2028,8,23
3941,2028,8,24
3942,2028,8,25
3943,2028,8,26
3944,2028,8,27
3945,2028,8,28
3946,2028,8,29
3947,2028,8,30
3948,2028,8,31
3949,2028,9,1
3950,2028,9,2
3951,2028,9,3
3952,2028,9,4
3953,2028,9,5
3954,2028,9,6
3955,2028,9,7
3956,2028,9,8
3957,2028,9,9
3958,2028,9,10
3959,2028,9,11
3960,2028,9,12
3961,2028,9,13
3962,2028,9,14
3963,2028,9,15
3964,2028,9,16
3965,2028,9,17
3966,2028,9,18
3967,2028,9,19
3968,2028,9,20
3969,2028,9,21
3970,2028,9,22
3971,2028,9,23
3972,2028,9,24
3973,2028,9,25
3974,2028,9,26
3975,2028,9,27
3976,2028,9,28
3977,2028,9,29
3978,2028,9,30
3979,2028,10,1
3980,2028,10,2
3981,2028,10,3
3982,2028,10,4
3983,2028,10,5
3984,2028,10,6
3985,2028,10,7
3986,2028,10,8
3987,2028,10,9
3988,2028,10,10
3989,2028,10,11
3990,2028,10,12
3991,2028,10,13
3992,2028,10,14
3993,2028,10,15
3994,2028,10,16
3995,2028,10,17
3996,2028,10,18
3997,2028,10,19
3998,2028,10,20
3999,2028,10,21
4000,2028,10,22
4001,2028,10,23
4002,2028,10,24
4003,2028,10,25
4004,2028,10,26
4005,2028,10,27
4006,2028,10,28
4007,2028,10,29
4008,2028,10,30
4009,2028,10,31
4010,2028,11,1
4011,2028,11,2
4012,2028,11,3
4013,2028,11,4
4014,2028,11,5
4015,2028,11,6
4016,2028,11,7
4017,2028,11,8
4018,2028,11,9
4019,2028,11,10
4020,2028,11,11
4021,2028,11,12
4022,2028,11,13
4023,2028,11,14
4024,2028,11,15
4025,2028,11,16
4026,2028,11,17
4027,2028,11,18
4028,2028,11,19
4029,2028,11,20
4030,2028,11,21
4031,2028,11,22
4032,2028,11,23
4033,2028,11,24
4034,2028,11,25
4035,2028,11,26
4036,2028,11,27
4037,2028,11,28
4038,2028,11,29
4039,2028,11,30
4040,2028,12,1
4041,2028,12,2
4042,2028,12,3
4043,2028,12,4
4044,2028,12,5
4045,2028,12,6
4046,2028,12,7
4047,2028,12,8
4048,2028,12,9
4049,2028,12,10
4050,2028,12,11
4051,2028,12,12
4052,2028,12,13
4053,2028,12,14
4054,2028,12,15
4055,2028,12,16
4056,2028,12,17
4057,2028,12,18
4058,2028,12,19
4059,2028,12,20
4060,2028,12,21
4061,2028,12,22
4062,2028,12,23
4063,2028,12,24
4064,2028,12,25
4065,2028,12,26
4066,2028,12,27
4067,2028,12,28
4068,2028,12,29
4069,2028,12,30
4070,2028,12,31
4071,2029,1,1
4072,2029,1,2
4073,2029,1,3
4074,2029,1,4
4075,2029,1,5
4076,2029,1,6
4077,2029,1,7
4078,2029,1,8
4079,2029,1,9
4080,2029,1,10
4081,2029,1,11
4082,2029,1,12
4083,2029,1,13
4084,2029,1,14
4085,2029,1,15
4086,2029,1,16
4087,2029,1,17
4088,2029,1,18
4089,2029,1,19
4090,2029,1,20
4091,2029,1,21
4092,2029,1,22
4093,2029,1,23
4094,2029,1,24
4095,2029,1,25
4096,2029,1,26
4097,2029,1,27
4098,2029,1,28
4099,2029,1,29
4100,2029,1,30
4101,2029,1,31
4102,2029,2,1
4103,2029,2,2
4104,2029,2,3
4105,2029,2,4
4106,2029,2,5
4107,2029,2,6
4108,2029,2,7
4109,2029,2,8
4110,2029,2,9
4111,2029,2,10
4112,2029,2,11
4113,2029,2,12
4114,2029,2,13
4115,2029,2,14
4116,2029,2,15
4117,2029,2,16
4118,2029,2,17
4119,2029,2,18
4120,2029,2,19
4121,2029,2,20
4122,2029,2,21
4123,2029,2,22
4124,2029,2,23
4125,2029,2,24
4126,2029,2,25
4127,2029,2,26
4128,2029,2,27
4129,2029,2,28
4130,2029,3,1
4131,2029,3,2
4132,2029,3,3
4133,2029,3,4
4134,2029,3,5
4135,2029,3,6
4136,2029,3,7
4137,2029,3,8
4138,2029,3,9
4139,2029,3,10
4140,2029,3,11
4141,2029,3,12
4142,2029,3,13
4143,2029,3,14
4144,2029,3,15
4145,2029,3,16
4146,2029,3,17
4147,2029,3,18
4148,2029,3,19
4149,2029,3,20
4150,2029,3,21
4151,2029,3,22
4152,2029,3,23
4153,2029,3,24
4154,2029,3,25
4155,2029,3,26
4156,2029,3,27
4157,2029,3,28
4158,2029,3,29
4159,2029,3,30
4160,2029,3,31
4161,2029,4,1
4162,2029,4,2
4163,2029,4,3
4164,2029,4,4
4165,2029,4,5
4166,2029,4,6
4167,2029,4,7
4168,2029,4,8
4169,2029,4,9
4170,2029,4,10
4171,2029,4,11
4172,2029,4,12
4173,2029,4,13
4174,2029,4,14
4175,2029,4,15
4176,2029,4,16
4177,2029,4,17
4178,2029,4,18
4179,2029,4,19
4180,2029,4,20
4181,2029,4,21
4182,2029,4,22
4183,2029,4,23
4184,2029,4,24
4185,2029,4,25
4186,2029,4,26
4187,2029,4,27
4188,2029,4,28
4189,2029,4,29
4190,2029,4,30
4191,2029,5,1
4192,2029,5,2
4193,2029,5,3
4194,2029,5,4
4195,2029,5,5
4196,2029,5,6
4197,2029,5,7
4198,2029,5,8
4199,2029,5,9
4200,2029,5,10
4201,2029,5,11
4202,2029,5,12
4203,2029,5,13
4204,2029,5,14
4205,2029,5,15
4206,2029,5,16
4207,2029,5,17
4208,2029,5,18
4209,2029,5,19
4210,2029,5,20
4211,2029,5,21
4212,2029,5,22
4213,2029,5,23
4214,2029,5,24
4215,2029,5,25
4216,2029,5,26
4217,2029,5,27
4218,2029,5,28
4219,2029,5,29
4220,2029,5,30
4221,2029,5,31
4222,2029,6,1
4223,2029,6,2
4224,2029,6,3
4225,2029,6,4
4226,2029,6,5
4227,2029,6,6
4228,2029,6,7
4229,2029,6,8
4230,2029,6,9
4231,2029,6,10
4232,2029,6,11
4233,2029,6,12
4234,2029,6,13
4235,2029,6,14
4236,2029,6,15
4237,2029,6,16
4238,2029,6,17
4239,2029,6,18
4240,2029,6,19
4241,2029,6,20
4242,2029,6,21
4243,2029,6,22
4244,2029,6,23
4245,2029,6,24
4246,2029,6,25
4247,2029,6,26
4248,2029,6,27
4249,2029,6,28
4250,2029,6,29
4251,2029,6,30
4252,2029,7,1
4253,2029,7,2
4254,2029,7,3
4255,2029,7,4
4256,2029,7,5
4257,2029,7,6
4258,2029,7,7
4259,2029,7,8
4260,2029,7,9
4261,2029,7,10
4262,2029,7,11
4263,2029,7,12
4264,2029,7,13
4265,2029,7,14
4266,2029,7,15
4267,2029,7,16
4268,2029,7,17
4269,2029,7,18
4270,2029,7,19
4271,2029,7,20
4272,2029,7,21
4273,2029,7,22
4274,2029,7,23
4275,2029,7,24
4276,2029,7,25
4277,2029,7,26
4278,2029,7,27
4279,2029,7,28
4280,2029,7,29
4281,2029,7,30
4282,2029,7,31
4283,2029,8,1
4284,2029,8,2
4285,2029,8,3
4286,2029,8,4
4287,2029,8,5
4288,2029,8,6
4289,2029,8,7
4290,2029,8,8
4291,2029,8,9
4292,2029,8,10
4293,2029,8,11
4294,2029,8,12
4295,2029,8,13
4296,2029,8,14
4297,2029,8,15
4298,2029,8,16
4299,2029,8,17
4300,2029,8,18
4301,2029,8,19
4302,2029,8,20
4303,2029,8,21
4304,2029,8,22
4305,2029,8,23
4306,2029,8,24
4307,2029,8,25
4308,2029,8,26
4309,2029,8,27
4310,2029,8,28
4311,2029,8,29
4312,2029,8,30
4313,2029,8,31
4314,2029,9,1
4315,2029,9,2
4316,2029,9,3
4317,2029,9,4
4318,2029,9,5
4319,2029,9,6
4320,2029,9,7
4321,2029,9,8
4322,2029,9,9
4323,2029,9,10
4324,2029,9,11
4325,2029,9,12
4326,2029,9,13
4327,2029,9,14
4328,2029,9,15
4329,2029,9,16
4330,2029,9,17
4331,2029,9,18
4332,2029,9,19
4333,2029,9,20
4334,2029,9,21
4335,2029,9,22
4336,2029,9,23
4337,2029,9,24
4338,2029,9,25
4339,2029,9,26
4340,2029,9,27
4341,2029,9,28
4342,2029,9,29
4343,2029,9,30
4344,2029,10,1
4345,2029,10,2
4346,2029,10,3
4347,2029,10,4
4348,2029,10,5
4349,2029,10,6
4350,2029,10,7
4351,2029,10,8
4352,2029,10,9
4353,2029,10,10
4354,2029,10,11
4355,2029,10,12
4356,2029,10,13
4357,2029,10,14
4358,2029,10,15
4359,2029,10,16
4360,2029,10,17
4361,2029,10,18
4362,2029,10,19
4363,2029,10,20
4364,2029,10,21
4365,2029,10,22
4366,2029,10,23
4367,2029,10,24
4368,2029,10,25
4369,2029,10,26
4370,2029,10,27
4371,2029,10,28
4372,2029,10,29
4373,2029,10,30
4374,2029,10,31
4375,2029,11,1
4376,2029,11,2
4377,2029,11,3
4378,2029,11,4
4379,2029,11,5
4380,2029,11,6
4381,2029,11,7
4382,2029,11,8
4383,2029,11,9
4384,2029,11,10
4385,2029,11,11
4386,2029,11,12
4387,2029,11,13
4388,2029,11,14
4389,2029,11,15
4390,2029,11,16
4391,2029,11,17
4392,2029,11,18
4393,2029,11,19
4394,2029,11,20
4395,2029,11,21
4396,2029,11,22
4397,2029,11,23
4398,2029,11,24
4399,2029,11,25
4400,2029,11,26
4401,2029,11,27
4402,2029,11,28
4403,2029,11,29
4404,2029,11,30
4405,2029,12,1
4406,2029,12,2
4407,2029,12,3
4408,2029,12,4
4409,2029,12,5
4410,2029,12,6
4411,2029,12,7
4412,2029,12,8
4413,2029,12,9
4414,2029,12,10
4415,2029,12,11
4416,2029,12,12
4417,2029,12,13
4418,2029,12,14
4419,2029,12,15
4420,2029,12,16
4421,2029,12,17
4422,2029,12,18
4423,2029,12,19
4424,2029,12,20
4425,2029,12,21
4426,2029,12,22
4427,2029,12,23
4428,2029,12,24
4429,2029,12,25
4430,2029,12,26
4431,2029,12,27
4432,2029,12,28
4433,2029,12,29
4434,2029,12,30
4435,2029,12,31
4436,2030,1,1
