date_id,date
0,2017-11-09
1,2017-11-10
2,2017-11-11
3,2017-11-12
4,2017-11-13
5,2017-11-14
6,2017-11-15
7,2017-11-16
8,2017-11-17
9,2017-11-18
10,2017-11-19
11,2017-11-20
12,2017-11-21
13,2017-11-22
14,2017-11-23
15,2017-11-24
16,2017-11-25
17,2017-11-26
18,2017-11-27
19,2017-11-28
20,2017-11-29
21,2017-11-30
22,2017-12-01
23,2017-12-02
24,2017-12-03
25,2017-12-04
26,2017-12-05
27,2017-12-06
28,2017-12-07
29,2017-12-08
30,2017-12-09
31,2017-12-10
32,2017-12-11
33,2017-12-12
34,2017-12-13
35,2017-12-14
36,2017-12-15
37,2017-12-16
38,2017-12-17
39,2017-12-18
40,2017-12-19
41,2017-12-20
42,2017-12-21
43,2017-12-22
44,2017-12-23
45,2017-12-24
46,2017-12-25
47,2017-12-26
48,2017-12-27
49,2017-12-28
50,2017-12-29
51,2017-12-30
52,2017-12-31
53,2018-01-01
54,2018-01-02
55,2018-01-03
56,2018-01-04
57,2018-01-05
58,2018-01-06
59,2018-01-07
60,2018-01-08
61,2018-01-09
62,2018-01-10
63,2018-01-11
64,2018-01-12
65,2018-01-13
66,2018-01-14
67,2018-01-15
68,2018-01-16
69,2018-01-17
70,2018-01-18
71,2018-01-19
72,2018-01-20
73,2018-01-21
74,2018-01-22
75,2018-01-23
76,2018-01-24
77,2018-01-25
78,2018-01-26
79,2018-01-27
80,2018-01-28
81,2018-01-29
82,2018-01-30
83,2018-01-31
84,2018-02-01
85,2018-02-02
86,2018-02-03
87,2018-02-04
88,2018-02-05
89,2018-02-06
90,2018-02-07
91,2018-02-08
92,2018-02-09
93,2018-02-10
94,2018-02-11
95,2018-02-12
96,2018-02-13
97,2018-02-14
98,2018-02-15
99,2018-02-16
100,2018-02-17
101,2018-02-18
102,2018-02-19
103,2018-02-20
104,2018-02-21
105,2018-02-22
106,2018-02-23
107,2018-02-24
108,2018-02-25
109,2018-02-26
110,2018-02-27
111,2018-02-28
112,2018-03-01
113,2018-03-02
114,2018-03-03
115,2018-03-04
116,2018-03-05
117,2018-03-06
118,2018-03-07
119,2018-03-08
120,2018-03-09
121,2018-03-10
122,2018-03-11
123,2018-03-12
124,2018-03-13
125,2018-03-14
126,2018-03-15
127,2018-03-16
128,2018-03-17
129,2018-03-18
130,2018-03-19
131,2018-03-20
132,2018-03-21
133,2018-03-22
134,2018-03-23
135,2018-03-24
136,2018-03-25
137,2018-03-26
138,2018-03-27
139,2018-03-28
140,2018-03-29
141,2018-03-30
142,2018-03-31
143,2018-04-01
144,2018-04-02
145,2018-04-03
146,2018-04-04
147,2018-04-05
148,2018-04-06
149,2018-04-07
150,2018-04-08
151,2018-04-09
152,2018-04-10
153,2018-04-11
154,2018-04-12
155,2018-04-13
156,2018-04-14
157,2018-04-15
158,2018-04-16
159,2018-04-17
160,2018-04-18
161,2018-04-19
162,2018-04-20
163,2018-04-21
164,2018-04-22
165,2018-04-23
166,2018-04-24
167,2018-04-25
168,2018-04-26
169,2018-04-27
170,2018-04-28
171,2018-04-29
172,2018-04-30
173,2018-05-01
174,2018-05-02
175,2018-05-03
176,2018-05-04
177,2018-05-05
178,2018-05-06
179,2018-05-07
180,2018-05-08
181,2018-05-09
182,2018-05-10
183,2018-05-11
184,2018-05-12
185,2018-05-13
186,2018-05-14
187,2018-05-15
188,2018-05-16
189,2018-05-17
190,2018-05-18
191,2018-05-19
192,2018-05-20
193,2018-05-21
194,2018-05-22
195,2018-05-23
196,2018-05-24
197,2018-05-25
198,2018-05-26
199,2018-05-27
200,2018-05-28
201,2018-05-29
202,2018-05-30
203,2018-05-31
204,2018-06-01
205,2018-06-02
206,2018-06-03
207,2018-06-04
208,2018-06-05
209,2018-06-06
210,2018-06-07
211,2018-06-08
212,2018-06-09
213,2018-06-10
214,2018-06-11
215,2018-06-12
216,2018-06-13
217,2018-06-14
218,2018-06-15
219,2018-06-16
220,2018-06-17
221,2018-06-18
222,2018-06-19
223,2018-06-20
224,2018-06-21
225,2018-06-22
226,2018-06-23
227,2018-06-24
228,2018-06-25
229,2018-06-26
230,2018-06-27
231,2018-06-28
232,2018-06-29
233,2018-06-30
234,2018-07-01
235,2018-07-02
236,2018-07-03
237,2018-07-04
238,2018-07-05
239,2018-07-06
240,2018-07-07
241,2018-07-08
242,2018-07-09
243,2018-07-10
244,2018-07-11
245,2018-07-12
246,2018-07-13
247,2018-07-14
248,2018-07-15
249,2018-07-16
250,2018-07-17
251,2018-07-18
252,2018-07-19
253,2018-07-20
254,2018-07-21
255,2018-07-22
256,2018-07-23
257,2018-07-24
258,2018-07-25
259,2018-07-26
260,2018-07-27
261,2018-07-28
262,2018-07-29
263,2018-07-30
264,2018-07-31
265,2018-08-01
266,2018-08-02
267,2018-08-03
268,2018-08-04
269,2018-08-05
270,2018-08-06
271,2018-08-07
272,2018-08-08
273,2018-08-09
274,2018-08-10
275,2018-08-11
276,2018-08-12
277,2018-08-13
278,2018-08-14
279,2018-08-15
280,2018-08-16
281,2018-08-17
282,2018-08-18
283,2018-08-19
284,2018-08-20
285,2018-08-21
286,2018-08-22
287,2018-08-23
288,2018-08-24
289,2018-08-25
290,2018-08-26
291,2018-08-27
292,2018-08-28
293,2018-08-29
294,2018-08-30
295,2018-08-31
296,2018-09-01
297,2018-09-02
298,2018-09-03
299,2018-09-04
300,2018-09-05
301,2018-09-06
302,2018-09-07
303,2018-09-08
304,2018-09-09
305,2018-09-10
306,2018-09-11
307,2018-09-12
308,2018-09-13
309,2018-09-14
310,2018-09-15
311,2018-09-16
312,2018-09-17
313,2018-09-18
314,2018-09-19
315,2018-09-20
316,2018-09-21
317,2018-09-22
318,2018-09-23
319,2018-09-24
320,2018-09-25
321,2018-09-26
322,2018-09-27
323,2018-09-28
324,2018-09-29
325,2018-09-30
326,2018-10-01
327,2018-10-02
328,2018-10-03
329,2018-10-04
330,2018-10-05
331,2018-10-06
332,2018-10-07
333,2018-10-08
334,2018-10-09
335,2018-10-10
336,2018-10-11
337,2018-10-12
338,2018-10-13
339,2018-10-14
340,2018-10-15
341,2018-10-16
342,2018-10-17
343,2018-10-18
344,2018-10-19
345,2018-10-20
346,2018-10-21
347,2018-10-22
348,2018-10-23
349,2018-10-24
350,2018-10-25
351,2018-10-26
352,2018-10-27
353,2018-10-28
354,2018-10-29
355,2018-10-30
356,2018-10-31
357,2018-11-01
358,2018-11-02
359,2018-11-03
360,2018-11-04
361,2018-11-05
362,2018-11-06
363,2018-11-07
364,2018-11-08
365,2018-11-09
366,2018-11-10
367,2018-11-11
368,2018-11-12
369,2018-11-13
370,2018-11-14
371,2018-11-15
372,2018-11-16
373,2018-11-17
374,2018-11-18
375,2018-11-19
376,2018-11-20
377,2018-11-21
378,2018-11-22
379,2018-11-23
380,2018-11-24
381,2018-11-25
382,2018-11-26
383,2018-11-27
384,2018-11-28
385,2018-11-29
386,2018-11-30
387,2018-12-01
388,2018-12-02
389,2018-12-03
390,2018-12-04
391,2018-12-05
392,2018-12-06
393,2018-12-07
394,2018-12-08
395,2018-12-09
396,2018-12-10
397,2018-12-11
398,2018-12-12
399,2018-12-13
400,2018-12-14
401,2018-12-15
402,2018-12-16
403,2018-12-17
404,2018-12-18
405,2018-12-19
406,2018-12-20
407,2018-12-21
408,2018-12-22
409,2018-12-23
410,2018-12-24
411,2018-12-25
412,2018-12-26
413,2018-12-27
414,2018-12-28
415,2018-12-29
416,2018-12-30
417,2018-12-31
418,2019-01-01
419,2019-01-02
420,2019-01-03
421,2019-01-04
422,2019-01-05
423,2019-01-06
424,2019-01-07
425,2019-01-08
426,2019-01-09
427,2019-01-10
428,2019-01-11
429,2019-01-12
430,2019-01-13
431,2019-01-14
432,2019-01-15
433,2019-01-16
434,2019-01-17
435,2019-01-18
436,2019-01-19
437,2019-01-20
438,2019-01-21
439,2019-01-22
440,2019-01-23
441,2019-01-24
442,2019-01-25
443,2019-01-26
444,2019-01-27
445,2019-01-28
446,2019-01-29
447,2019-01-30
448,2019-01-31
449,2019-02-01
450,2019-02-02
451,2019-02-03
452,2019-02-04
453,2019-02-05
454,2019-02-06
455,2019-02-07
456,2019-02-08
457,2019-02-09
458,2019-02-10
459,2019-02-11
460,2019-02-12
461,2019-02-13
462,2019-02-14
463,2019-02-15
464,2019-02-16
465,2019-02-17
466,2019-02-18
467,2019-02-19
468,2019-02-20
469,2019-02-21
470,2019-02-22
471,2019-02-23
472,2019-02-24
473,2019-02-25
474,2019-02-26
475,2019-02-27
476,2019-02-28
477,2019-03-01
478,2019-03-02
479,2019-03-03
480,2019-03-04
481,2019-03-05
482,2019-03-06
483,2019-03-07
484,2019-03-08
485,2019-03-09
486,2019-03-10
487,2019-03-11
488,2019-03-12
489,2019-03-13
490,2019-03-14
491,2019-03-15
492,2019-03-16
493,2019-03-17
494,2019-03-18
495,2019-03-19
496,2019-03-20
497,2019-03-21
498,2019-03-22
499,2019-03-23
500,2019-03-24
501,2019-03-25
502,2019-03-26
503,2019-03-27
504,2019-03-28
505,2019-03-29
506,2019-03-30
507,2019-03-31
508,2019-04-01
509,2019-04-02
510,2019-04-03
511,2019-04-04
512,2019-04-05
513,2019-04-06
514,2019-04-07
515,2019-04-08
516,2019-04-09
517,2019-04-10
518,2019-04-11
519,2019-04-12
520,2019-04-13
521,2019-04-14
522,2019-04-15
523,2019-04-16
524,2019-04-17
525,2019-04-18
526,2019-04-19
527,2019-04-20
528,2019-04-21
529,2019-04-22
530,2019-04-23
531,2019-04-24
532,2019-04-25
533,2019-04-26
534,2019-04-27
535,2019-04-28
536,2019-04-29
537,2019-04-30
538,2019-05-01
539,2019-05-02
540,2019-05-03
541,2019-05-04
542,2019-05-05
543,2019-05-06
544,2019-05-07
545,2019-05-08
546,2019-05-09
547,2019-05-10
548,2019-05-11
549,2019-05-12
550,2019-05-13
551,2019-05-14
552,2019-05-15
553,2019-05-16
554,2019-05-17
555,2019-05-18
556,2019-05-19
557,2019-05-20
558,2019-05-21
559,2019-05-22
560,2019-05-23
561,2019-05-24
562,2019-05-25
563,2019-05-26
564,2019-05-27
565,2019-05-28
566,2019-05-29
567,2019-05-30
568,2019-05-31
569,2019-06-01
570,2019-06-02
571,2019-06-03
572,2019-06-04
573,2019-06-05
574,2019-06-06
575,2019-06-07
576,2019-06-08
577,2019-06-09
578,2019-06-10
579,2019-06-11
580,2019-06-12
581,2019-06-13
582,2019-06-14
583,2019-06-15
584,2019-06-16
585,2019-06-17
586,2019-06-18
587,2019-06-19
588,2019-06-20
589,2019-06-21
590,2019-06-22
591,2019-06-23
592,2019-06-24
593,2019-06-25
594,2019-06-26
595,2019-06-27
596,2019-06-28
597,2019-06-29
598,2019-06-30
599,2019-07-01
600,2019-07-02
601,2019-07-03
602,2019-07-04
603,2019-07-05
604,2019-07-06
605,2019-07-07
606,2019-07-08
607,2019-07-09
608,2019-07-10
609,2019-07-11
610,2019-07-12
611,2019-07-13
612,2019-07-14
613,2019-07-15
614,2019-07-16
615,2019-07-17
616,2019-07-18
617,2019-07-19
618,2019-07-20
619,2019-07-21
620,2019-07-22
621,2019-07-23
622,2019-07-24
623,2019-07-25
624,2019-07-26
625,2019-07-27
626,2019-07-28
627,2019-07-29
628,2019-07-30
629,2019-07-31
630,2019-08-01
631,2019-08-02
632,2019-08-03
633,2019-08-04
634,2019-08-05
635,2019-08-06
636,2019-08-07
637,2019-08-08
638,2019-08-09
639,2019-08-10
640,2019-08-11
641,2019-08-12
642,2019-08-13
643,2019-08-14
644,2019-08-15
645,2019-08-16
646,2019-08-17
647,2019-08-18
648,2019-08-19
649,2019-08-20
650,2019-08-21
651,2019-08-22
652,2019-08-23
653,2019-08-24
654,2019-08-25
655,2019-08-26
656,2019-08-27
657,2019-08-28
658,2019-08-29
659,2019-08-30
660,2019-08-31
661,2019-09-01
662,2019-09-02
663,2019-09-03
664,2019-09-04
665,2019-09-05
666,2019-09-06
667,2019-09-07
668,2019-09-08
669,2019-09-09
670,2019-09-10
671,2019-09-11
672,2019-09-12
673,2019-09-13
674,2019-09-14
675,2019-09-15
676,2019-09-16
677,2019-09-17
678,2019-09-18
679,2019-09-19
680,2019-09-20
681,2019-09-21
682,2019-09-22
683,2019-09-23
684,2019-09-24
685,2019-09-25
686,2019-09-26
687,2019-09-27
688,2019-09-28
689,2019-09-29
690,2019-09-30
691,2019-10-01
692,2019-10-02
693,2019-10-03
694,2019-10-04
695,2019-10-05
696,2019-10-06
697,2019-10-07
698,2019-10-08
699,2019-10-09
700,2019-10-10
701,2019-10-11
702,2019-10-12
703,2019-10-13
704,2019-10-14
705,2019-10-15
706,2019-10-16
707,2019-10-17
708,2019-10-18
709,2019-10-19
710,2019-10-20
711,2019-10-21
712,2019-10-22
713,2019-10-23
714,2019-10-24
715,2019-10-25
716,2019-10-26
717,2019-10-27
718,2019-10-28
719,2019-10-29
720,2019-10-30
721,2019-10-31
722,2019-11-01
723,2019-11-02
724,2019-11-03
725,2019-11-04
726,2019-11-05
727,2019-11-06
728,2019-11-07
729,2019-11-08
730,2019-11-09
731,2019-11-10
732,2019-11-11
733,2019-11-12
734,2019-11-13
735,2019-11-14
736,2019-11-15
737,2019-11-16
738,2019-11-17
739,2019-11-18
740,2019-11-19
741,2019-11-20
742,2019-11-21
743,2019-11-22
744,2019-11-23
745,2019-11-24
746,2019-11-25
747,2019-11-26
748,2019-11-27
749,2019-11-28
750,2019-11-29
751,2019-11-30
752,2019-12-01
753,2019-12-02
754,2019-12-03
755,2019-12-04
756,2019-12-05
757,2019-12-06
758,2019-12-07
759,2019-12-08
760,2019-12-09
761,2019-12-10
762,2019-12-11
763,2019-12-12
764,2019-12-13
765,2019-12-14
766,2019-12-15
767,2019-12-16
768,2019-12-17
769,2019-12-18
770,2019-12-19
771,2019-12-20
772,2019-12-21
773,2019-12-22
774,2019-12-23
775,2019-12-24
776,2019-12-25
777,2019-12-26
778,2019-12-27
779,2019-12-28
780,2019-12-29
781,2019-12-30
782,2019-12-31
783,2020-01-01
784,2020-01-02
785,2020-01-03
786,2020-01-04
787,2020-01-05
788,2020-01-06
789,2020-01-07
790,2020-01-08
791,2020-01-09
792,2020-01-10
793,2020-01-11
794,2020-01-12
795,2020-01-13
796,2020-01-14
797,2020-01-15
798,2020-01-16
799,2020-01-17
800,2020-01-18
801,2020-01-19
802,2020-01-20
803,2020-01-21
804,2020-01-22
805,2020-01-23
806,2020-01-24
807,2020-01-25
808,2020-01-26
809,2020-01-27
810,2020-01-28
811,2020-01-29
812,2020-01-30
813,2020-01-31
814,2020-02-01
815,2020-02-02
816,2020-02-03
817,2020-02-04
818,2020-02-05
819,2020-02-06
820,2020-02-07
821,2020-02-08
822,2020-02-09
823,2020-02-10
824,2020-02-11
825,2020-02-12
826,2020-02-13
827,2020-02-14
828,2020-02-15
829,2020-02-16
830,2020-02-17
831,2020-02-18
832,2020-02-19
833,2020-02-20
834,2020-02-21
835,2020-02-22
836,2020-02-23
837,2020-02-24
838,2020-02-25
839,2020-02-26
840,2020-02-27
841,2020-02-28
842,2020-02-29
843,2020-03-01
844,2020-03-02
845,2020-03-03
846,2020-03-04
847,2020-03-05
848,2020-03-06
849,2020-03-07
850,2020-03-08
851,2020-03-09
852,2020-03-10
853,2020-03-11
854,2020-03-12
855,2020-03-13
856,2020-03-14
857,2020-03-15
858,2020-03-16
859,2020-03-17
860,2020-03-18
861,2020-03-19
862,2020-03-20
863,2020-03-21
864,2020-03-22
865,2020-03-23
866,2020-03-24
867,2020-03-25
868,2020-03-26
869,2020-03-27
870,2020-03-28
871,2020-03-29
872,2020-03-30
873,2020-03-31
874,2020-04-01
875,2020-04-02
876,2020-04-03
877,2020-04-04
878,2020-04-05
879,2020-04-06
880,2020-04-07
881,2020-04-08
882,2020-04-09
883,2020-04-10
884,2020-04-11
885,2020-04-12
886,2020-04-13
887,2020-04-14
888,2020-04-15
889,2020-04-16
890,2020-04-17
891,2020-04-18
892,2020-04-19
893,2020-04-20
894,2020-04-21
895,2020-04-22
896,2020-04-23
897,2020-04-24
898,2020-04-25
899,2020-04-26
900,2020-04-27
901,2020-04-28
902,2020-04-29
903,2020-04-30
904,2020-05-01
905,2020-05-02
906,2020-05-03
907,2020-05-04
908,2020-05-05
909,2020-05-06
910,2020-05-07
911,2020-05-08
912,2020-05-09
913,2020-05-10
914,2020-05-11
915,2020-05-12
916,2020-05-13
917,2020-05-14
918,2020-05-15
919,2020-05-16
920,2020-05-17
921,2020-05-18
922,2020-05-19
923,2020-05-20
924,2020-05-21
925,2020-05-22
926,2020-05-23
927,2020-05-24
928,2020-05-25
929,2020-05-26
930,2020-05-27
931,2020-05-28
932,2020-05-29
933,2020-05-30
934,2020-05-31
935,2020-06-01
936,2020-06-02
937,2020-06-03
938,2020-06-04
939,2020-06-05
940,2020-06-06
941,2020-06-07
942,2020-06-08
943,2020-06-09
944,2020-06-10
945,2020-06-11
946,2020-06-12
947,2020-06-13
948,2020-06-14
949,2020-06-15
950,2020-06-16
951,2020-06-17
952,2020-06-18
953,2020-06-19
954,2020-06-20
955,2020-06-21
956,2020-06-22
957,2020-06-23
958,2020-06-24
959,2020-06-25
960,2020-06-26
961,2020-06-27
962,2020-06-28
963,2020-06-29
964,2020-06-30
965,2020-07-01
966,2020-07-02
967,2020-07-03
968,2020-07-04
969,2020-07-05
970,2020-07-06
971,2020-07-07
972,2020-07-08
973,2020-07-09
974,2020-07-10
975,2020-07-11
976,2020-07-12
977,2020-07-13
978,2020-07-14
979,2020-07-15
980,2020-07-16
981,2020-07-17
982,2020-07-18
983,2020-07-19
984,2020-07-20
985,2020-07-21
986,2020-07-22
987,2020-07-23
988,2020-07-24
989,2020-07-25
990,2020-07-26
991,2020-07-27
992,2020-07-28
993,2020-07-29
994,2020-07-30
995,2020-07-31
996,2020-08-01
997,2020-08-02
998,2020-08-03
999,2020-08-04
1000,2020-08-05
1001,2020-08-06
1002,2020-08-07
1003,2020-08-08
1004,2020-08-09
1005,2020-08-10
1006,2020-08-11
1007,2020-08-12
1008,2020-08-13
1009,2020-08-14
1010,2020-08-15
1011,2020-08-16
1012,2020-08-17
1013,2020-08-18
1014,2020-08-19
1015,2020-08-20
1016,2020-08-21
1017,2020-08-22
1018,2020-08-23
1019,2020-08-24
1020,2020-08-25
1021,2020-08-26
1022,2020-08-27
1023,2020-08-28
1024,2020-08-29
1025,2020-08-30
1026,2020-08-31
1027,2020-09-01
1028,2020-09-02
1029,2020-09-03
1030,2020-09-04
1031,2020-09-05
1032,2020-09-06
1033,2020-09-07
1034,2020-09-08
1035,2020-09-09
1036,2020-09-10
1037,2020-09-11
1038,2020-09-12
1039,2020-09-13
1040,2020-09-14
1041,2020-09-15
1042,2020-09-16
1043,2020-09-17
1044,2020-09-18
1045,2020-09-19
1046,2020-09-20
1047,2020-09-21
1048,2020-09-22
1049,2020-09-23
1050,2020-09-24
1051,2020-09-25
1052,2020-09-26
1053,2020-09-27
1054,2020-09-28
1055,2020-09-29
1056,2020-09-30
1057,2020-10-01
1058,2020-10-02
1059,2020-10-03
1060,2020-10-04
1061,2020-10-05
1062,2020-10-06
1063,2020-10-07
1064,2020-10-08
1065,2020-10-09
1066,2020-10-10
1067,2020-10-11
1068,2020-10-12
1069,2020-10-13
1070,2020-10-14
1071,2020-10-15
1072,2020-10-16
1073,2020-10-17
1074,2020-10-18
1075,2020-10-19
1076,2020-10-20
1077,2020-10-21
1078,2020-10-22
1079,2020-10-23
1080,2020-10-24
1081,2020-10-25
1082,2020-10-26
1083,2020-10-27
1084,2020-10-28
1085,2020-10-29
1086,2020-10-30
1087,2020-10-31
1088,2020-11-01
1089,2020-11-02
1090,2020-11-03
1091,2020-11-04
1092,2020-11-05
1093,2020-11-06
1094,2020-11-07
1095,2020-11-08
1096,2020-11-09
1097,2020-11-10
1098,2020-11-11
1099,2020-11-12
1100,2020-11-13
1101,2020-11-14
1102,2020-11-15
1103,2020-11-16
1104,2020-11-17
1105,2020-11-18
1106,2020-11-19
1107,2020-11-20
1108,2020-11-21
1109,2020-11-22
1110,2020-11-23
1111,2020-11-24
1112,2020-11-25
1113,2020-11-26
1114,2020-11-27
1115,2020-11-28
1116,2020-11-29
1117,2020-11-30
1118,2020-12-01
1119,2020-12-02
1120,2020-12-03
1121,2020-12-04
1122,2020-12-05
1123,2020-12-06
1124,2020-12-07
1125,2020-12-08
1126,2020-12-09
1127,2020-12-10
1128,2020-12-11
1129,2020-12-12
1130,2020-12-13
1131,2020-12-14
1132,2020-12-15
1133,2020-12-16
1134,2020-12-17
1135,2020-12-18
1136,2020-12-19
1137,2020-12-20
1138,2020-12-21
1139,2020-12-22
1140,2020-12-23
1141,2020-12-24
1142,2020-12-25
1143,2020-12-26
1144,2020-12-27
1145,2020-12-28
1146,2020-12-29
1147,2020-12-30
1148,2020-12-31
1149,2021-01-01
1150,2021-01-02
1151,2021-01-03
1152,2021-01-04
1153,2021-01-05
1154,2021-01-06
1155,2021-01-07
1156,2021-01-08
1157,2021-01-09
1158,2021-01-10
1159,2021-01-11
1160,2021-01-12
1161,2021-01-13
1162,2021-01-14
1163,2021-01-15
1164,2021-01-16
1165,2021-01-17
1166,2021-01-18
1167,2021-01-19
1168,2021-01-20
1169,2021-01-21
1170,2021-01-22
1171,2021-01-23
1172,2021-01-24
1173,2021-01-25
1174,2021-01-26
1175,2021-01-27
1176,2021-01-28
1177,2021-01-29
1178,2021-01-30
1179,2021-01-31
1180,2021-02-01
1181,2021-02-02
1182,2021-02-03
1183,2021-02-04
1184,2021-02-05
1185,2021-02-06
1186,2021-02-07
1187,2021-02-08
1188,2021-02-09
1189,2021-02-10
1190,2021-02-11
1191,2021-02-12
1192,2021-02-13
1193,2021-02-14
1194,2021-02-15
1195,2021-02-16
1196,2021-02-17
1197,2021-02-18
1198,2021-02-19
1199,2021-02-20
1200,2021-02-21
1201,2021-02-22
1202,2021-02-23
1203,2021-02-24
1204,2021-02-25
1205,2021-02-26
1206,2021-02-27
1207,2021-02-28
1208,2021-03-01
1209,2021-03-02
1210,2021-03-03
1211,2021-03-04
1212,2021-03-05
1213,2021-03-06
1214,2021-03-07
1215,2021-03-08
1216,2021-03-09
1217,2021-03-10
1218,2021-03-11
1219,2021-03-12
1220,2021-03-13
1221,2021-03-14
1222,2021-03-15
1223,2021-03-16
1224,2021-03-17
1225,2021-03-18
1226,2021-03-19
1227,2021-03-20
1228,2021-03-21
1229,2021-03-22
1230,2021-03-23
1231,2021-03-24
1232,2021-03-25
1233,2021-03-26
1234,2021-03-27
1235,2021-03-28
1236,2021-03-29
1237,2021-03-30
1238,2021-03-31
1239,2021-04-01
1240,2021-04-02
1241,2021-04-03
1242,2021-04-04
1243,2021-04-05
1244,2021-04-06
1245,2021-04-07
1246,2021-04-08
1247,2021-04-09
1248,2021-04-10
1249,2021-04-11
1250,2021-04-12
1251,2021-04-13
1252,2021-04-14
1253,2021-04-15
1254,2021-04-16
1255,2021-04-17
1256,2021-04-18
1257,2021-04-19
1258,2021-04-20
1259,2021-04-21
1260,2021-04-22
1261,2021-04-23
1262,2021-04-24
1263,2021-04-25
1264,2021-04-26
1265,2021-04-27
1266,2021-04-28
1267,2021-04-29
1268,2021-04-30
1269,2021-05-01
1270,2021-05-02
1271,2021-05-03
1272,2021-05-04
1273,2021-05-05
1274,2021-05-06
1275,2021-05-07
1276,2021-05-08
1277,2021-05-09
1278,2021-05-10
1279,2021-05-11
1280,2021-05-12
1281,2021-05-13
1282,2021-05-14
1283,2021-05-15
1284,2021-05-16
1285,2021-05-17
1286,2021-05-18
1287,2021-05-19
1288,2021-05-20
1289,2021-05-21
1290,2021-05-22
1291,2021-05-23
1292,2021-05-24
1293,2021-05-25
1294,2021-05-26
1295,2021-05-27
1296,2021-05-28
1297,2021-05-29
1298,2021-05-30
1299,2021-05-31
1300,2021-06-01
1301,2021-06-02
1302,2021-06-03
1303,2021-06-04
1304,2021-06-05
1305,2021-06-06
1306,2021-06-07
1307,2021-06-08
1308,2021-06-09
1309,2021-06-10
1310,2021-06-11
1311,2021-06-12
1312,2021-06-13
1313,2021-06-14
1314,2021-06-15
1315,2021-06-16
1316,2021-06-17
1317,2021-06-18
1318,2021-06-19
1319,2021-06-20
1320,2021-06-21
1321,2021-06-22
1322,2021-06-23
1323,2021-06-24
1324,2021-06-25
1325,2021-06-26
1326,2021-06-27
1327,2021-06-28
1328,2021-06-29
1329,2021-06-30
1330,2021-07-01
1331,2021-07-02
1332,2021-07-03
1333,2021-07-04
1334,2021-07-05
1335,2021-07-06
1336,2021-07-07
1337,2021-07-08
1338,2021-07-09
1339,2021-07-10
1340,2021-07-11
1341,2021-07-12
1342,2021-07-13
1343,2021-07-14
1344,2021-07-15
1345,2021-07-16
1346,2021-07-17
1347,2021-07-18
1348,2021-07-19
1349,2021-07-20
1350,2021-07-21
1351,2021-07-22
1352,2021-07-23
1353,2021-07-24
1354,2021-07-25
1355,2021-07-26
1356,2021-07-27
1357,2021-07-28
1358,2021-07-29
1359,2021-07-30
1360,2021-07-31
1361,2021-08-01
1362,2021-08-02
1363,2021-08-03
1364,2021-08-04
1365,2021-08-05
1366,2021-08-06
1367,2021-08-07
1368,2021-08-08
1369,2021-08-09
1370,2021-08-10
1371,2021-08-11
1372,2021-08-12
1373,2021-08-13
1374,2021-08-14
1375,2021-08-15
1376,2021-08-16
1377,2021-08-17
1378,2021-08-18
1379,2021-08-19
1380,2021-08-20
1381,2021-08-21
1382,2021-08-22
1383,2021-08-23
1384,2021-08-24
1385,2021-08-25
1386,2021-08-26
1387,2021-08-27
1388,2021-08-28
1389,2021-08-29
1390,2021-08-30
1391,2021-08-31
1392,2021-09-01
1393,2021-09-02
1394,2021-09-03
1395,2021-09-04
1396,2021-09-05
1397,2021-09-06
1398,2021-09-07
1399,2021-09-08
1400,2021-09-09
1401,2021-09-10
1402,2021-09-11
1403,2021-09-12
1404,2021-09-13
1405,2021-09-14
1406,2021-09-15
1407,2021-09-16
1408,2021-09-17
1409,2021-09-18
1410,2021-09-19
1411,2021-09-20
1412,2021-09-21
1413,2021-09-22
1414,2021-09-23
1415,2021-09-24
1416,2021-09-25
1417,2021-09-26
1418,2021-09-27
1419,2021-09-28
1420,2021-09-29
1421,2021-09-30
1422,2021-10-01
1423,2021-10-02
1424,2021-10-03
1425,2021-10-04
1426,2021-10-05
1427,2021-10-06
1428,2021-10-07
1429,2021-10-08
1430,2021-10-09
1431,2021-10-10
1432,2021-10-11
1433,2021-10-12
1434,2021-10-13
1435,2021-10-14
1436,2021-10-15
1437,2021-10-16
1438,2021-10-17
1439,2021-10-18
1440,2021-10-19
1441,2021-10-20
1442,2021-10-21
1443,2021-10-22
1444,2021-10-23
1445,2021-10-24
1446,2021-10-25
1447,2021-10-26
1448,2021-10-27
1449,2021-10-28
1450,2021-10-29
1451,2021-10-30
1452,2021-10-31
1453,2021-11-01
1454,2021-11-02
1455,2021-11-03
1456,2021-11-04
1457,2021-11-05
1458,2021-11-06
1459,2021-11-07
1460,2021-11-08
1461,2021-11-09
1462,2021-11-10
1463,2021-11-11
1464,2021-11-12
1465,2021-11-13
1466,2021-11-14
1467,2021-11-15
1468,2021-11-16
1469,2021-11-17
1470,2021-11-18
1471,2021-11-19
1472,2021-11-20
1473,2021-11-21
1474,2021-11-22
1475,2021-11-23
1476,2021-11-24
1477,2021-11-25
1478,2021-11-26
1479,2021-11-27
1480,2021-11-28
1481,2021-11-29
1482,2021-11-30
1483,2021-12-01
1484,2021-12-02
1485,2021-12-03
1486,2021-12-04
1487,2021-12-05
1488,2021-12-06
1489,2021-12-07
1490,2021-12-08
1491,2021-12-09
1492,2021-12-10
1493,2021-12-11
1494,2021-12-12
1495,2021-12-13
1496,2021-12-14
1497,2021-12-15
1498,2021-12-16
1499,2021-12-17
1500,2021-12-18
1501,2021-12-19
1502,2021-12-20
1503,2021-12-21
1504,2021-12-22
1505,2021-12-23
1506,2021-12-24
1507,2021-12-25
1508,2021-12-26
1509,2021-12-27
1510,2021-12-28
1511,2021-12-29
1512,2021-12-30
1513,2021-12-31
1514,2022-01-01
1515,2022-01-02
1516,2022-01-03
1517,2022-01-04
1518,2022-01-05
1519,2022-01-06
1520,2022-01-07
1521,2022-01-08
1522,2022-01-09
1523,2022-01-10
1524,2022-01-11
1525,2022-01-12
1526,2022-01-13
1527,2022-01-14
1528,2022-01-15
1529,2022-01-16
1530,2022-01-17
1531,2022-01-18
1532,2022-01-19
1533,2022-01-20
1534,2022-01-21
1535,2022-01-22
1536,2022-01-23
1537,2022-01-24
1538,2022-01-25
1539,2022-01-26
1540,2022-01-27
1541,2022-01-28
1542,2022-01-29
1543,2022-01-30
1544,2022-01-31
1545,2022-02-01
1546,2022-02-02
1547,2022-02-03
1548,2022-02-04
1549,2022-02-05
1550,2022-02-06
1551,2022-02-07
1552,2022-02-08
1553,2022-02-09
1554,2022-02-10
1555,2022-02-11
1556,2022-02-12
1557,2022-02-13
1558,2022-02-14
1559,2022-02-15
1560,2022-02-16
1561,2022-02-17
1562,2022-02-18
1563,2022-02-19
1564,2022-02-20
1565,2022-02-21
1566,2022-02-22
1567,2022-02-23
1568,2022-02-24
1569,2022-02-25
1570,2022-02-26
1571,2022-02-27
1572,2022-02-28
1573,2022-03-01
1574,2022-03-02
1575,2022-03-03
1576,2022-03-04
1577,2022-03-05
1578,2022-03-06
1579,2022-03-07
1580,2022-03-08
1581,2022-03-09
1582,2022-03-10
1583,2022-03-11
1584,2022-03-12
1585,2022-03-13
1586,2022-03-14
1587,2022-03-15
1588,2022-03-16
1589,2022-03-17
1590,2022-03-18
1591,2022-03-19
1592,2022-03-20
1593,2022-03-21
1594,2022-03-22
1595,2022-03-23
1596,2022-03-24
1597,2022-03-25
1598,2022-03-26
1599,2022-03-27
1600,2022-03-28
1601,2022-03-29
1602,2022-03-30
1603,2022-03-31
1604,2022-04-01
1605,2022-04-02
1606,2022-04-03
1607,2022-04-04
1608,2022-04-05
1609,2022-04-06
1610,2022-04-07
1611,2022-04-08
1612,2022-04-09
1613,2022-04-10
1614,2022-04-11
1615,2022-04-12
1616,2022-04-13
1617,2022-04-14
1618,2022-04-15
1619,2022-04-16
1620,2022-04-17
1621,2022-04-18
1622,2022-04-19
1623,2022-04-20
1624,2022-04-21
1625,2022-04-22
1626,2022-04-23
1627,2022-04-24
1628,2022-04-25
1629,2022-04-26
1630,2022-04-27
1631,2022-04-28
1632,2022-04-29
1633,2022-04-30
1634,2022-05-01
1635,2022-05-02
1636,2022-05-03
1637,2022-05-04
1638,2022-05-05
1639,2022-05-06
1640,2022-05-07
1641,2022-05-08
1642,2022-05-09
1643,2022-05-10
1644,2022-05-11
1645,2022-05-12
1646,2022-05-13
1647,2022-05-14
1648,2022-05-15
1649,2022-05-16
1650,2022-05-17
1651,2022-05-18
1652,2022-05-19
1653,2022-05-20
1654,2022-05-21
1655,2022-05-22
1656,2022-05-23
1657,2022-05-24
1658,2022-05-25
1659,2022-05-26
1660,2022-05-27
1661,2022-05-28
1662,2022-05-29
1663,2022-05-30
1664,2022-05-31
1665,2022-06-01
1666,2022-06-02
1667,2022-06-03
1668,2022-06-04
1669,2022-06-05
1670,2022-06-06
1671,2022-06-07
1672,2022-06-08
1673,2022-06-09
1674,2022-06-10
1675,2022-06-11
1676,2022-06-12
1677,2022-06-13
1678,2022-06-14
1679,2022-06-15
1680,2022-06-16
1681,2022-06-17
1682,2022-06-18
1683,2022-06-19
1684,2022-06-20
1685,2022-06-21
1686,2022-06-22
1687,2022-06-23
1688,2022-06-24
1689,2022-06-25
1690,2022-06-26
1691,2022-06-27
1692,2022-06-28
1693,2022-06-29
1694,2022-06-30
1695,2022-07-01
1696,2022-07-02
1697,2022-07-03
1698,2022-07-04
1699,2022-07-05
1700,2022-07-06
1701,2022-07-07
1702,2022-07-08
1703,2022-07-09
1704,2022-07-10
1705,2022-07-11
1706,2022-07-12
1707,2022-07-13
1708,2022-07-14
1709,2022-07-15
1710,2022-07-16
1711,2022-07-17
1712,2022-07-18
1713,2022-07-19
1714,2022-07-20
1715,2022-07-21
1716,2022-07-22
1717,2022-07-23
1718,2022-07-24
1719,2022-07-25
1720,2022-07-26
1721,2022-07-27
1722,2022-07-28
1723,2022-07-29
1724,2022-07-30
1725,2022-07-31
1726,2022-08-01
1727,2022-08-02
1728,2022-08-03
1729,2022-08-04
1730,2022-08-05
1731,2022-08-06
1732,2022-08-07
1733,2022-08-08
1734,2022-08-09
1735,2022-08-10
1736,2022-08-11
1737,2022-08-12
1738,2022-08-13
1739,2022-08-14
1740,2022-08-15
1741,2022-08-16
1742,2022-08-17
1743,2022-08-18
1744,2022-08-19
1745,2022-08-20
1746,2022-08-21
1747,2022-08-22
1748,2022-08-23
1749,2022-08-24
1750,2022-08-25
1751,2022-08-26
1752,2022-08-27
1753,2022-08-28
1754,2022-08-29
1755,2022-08-30
1756,2022-08-31
1757,2022-09-01
1758,2022-09-02
1759,2022-09-03
1760,2022-09-04
1761,2022-09-05
1762,2022-09-06
1763,2022-09-07
1764,2022-09-08
1765,2022-09-09
1766,2022-09-10
1767,2022-09-11
1768,2022-09-12
1769,2022-09-13
1770,2022-09-14
1771,2022-09-15
1772,2022-09-16
1773,2022-09-17
1774,2022-09-18
1775,2022-09-19
1776,2022-09-20
1777,2022-09-21
1778,2022-09-22
1779,2022-09-23
1780,2022-09-24
1781,2022-09-25
1782,2022-09-26
1783,2022-09-27
1784,2022-09-28
1785,2022-09-29
1786,2022-09-30
1787,2022-10-01
1788,2022-10-02
1789,2022-10-03
1790,2022-10-04
1791,2022-10-05
1792,2022-10-06
1793,2022-10-07
1794,2022-10-08
1795,2022-10-09
1796,2022-10-10
1797,2022-10-11
1798,2022-10-12
1799,2022-10-13
1800,2022-10-14
1801,2022-10-15
1802,2022-10-16
1803,2022-10-17
1804,2022-10-18
1805,2022-10-19
1806,2022-10-20
1807,2022-10-21
1808,2022-10-22
1809,2022-10-23
1810,2022-10-24
1811,2022-10-25
1812,2022-10-26
1813,2022-10-27
1814,2022-10-28
1815,2022-10-29
1816,2022-10-30
1817,2022-10-31
1818,2022-11-01
1819,2022-11-02
1820,2022-11-03
1821,2022-11-04
1822,2022-11-05
1823,2022-11-06
1824,2022-11-07
1825,2022-11-08
1826,2022-11-09
1827,2022-11-10
1828,2022-11-11
1829,2022-11-12
1830,2022-11-13
1831,2022-11-14
1832,2022-11-15
1833,2022-11-16
1834,2022-11-17
1835,2022-11-18
1836,2022-11-19
1837,2022-11-20
1838,2022-11-21
1839,2022-11-22
1840,2022-11-23
1841,2022-11-24
1842,2022-11-25
1843,2022-11-26
1844,2022-11-27
1845,2022-11-28
1846,2022-11-29
1847,2022-11-30
1848,2022-12-01
1849,2022-12-02
1850,2022-12-03
1851,2022-12-04
1852,2022-12-05
1853,2022-12-06
1854,2022-12-07
1855,2022-12-08
1856,2022-12-09
1857,2022-12-10
1858,2022-12-11
1859,2022-12-12
1860,2022-12-13
1861,2022-12-14
1862,2022-12-15
1863,2022-12-16
1864,2022-12-17
1865,2022-12-18
1866,2022-12-19
1867,2022-12-20
1868,2022-12-21
1869,2022-12-22
1870,2022-12-23
1871,2022-12-24
1872,2022-12-25
1873,2022-12-26
1874,2022-12-27
1875,2022-12-28
1876,2022-12-29
1877,2022-12-30
1878,2022-12-31
1879,2023-01-01
1880,2023-01-02
1881,2023-01-03
1882,2023-01-04
1883,2023-01-05
1884,2023-01-06
1885,2023-01-07
1886,2023-01-08
1887,2023-01-09
1888,2023-01-10
1889,2023-01-11
1890,2023-01-12
1891,2023-01-13
1892,2023-01-14
1893,2023-01-15
1894,2023-01-16
1895,2023-01-17
1896,2023-01-18
1897,2023-01-19
1898,2023-01-20
1899,2023-01-21
1900,2023-01-22
1901,2023-01-23
1902,2023-01-24
1903,2023-01-25
1904,2023-01-26
1905,2023-01-27
1906,2023-01-28
1907,2023-01-29
1908,2023-01-30
1909,2023-01-31
1910,2023-02-01
1911,2023-02-02
1912,2023-02-03
1913,2023-02-04
1914,2023-02-05
1915,2023-02-06
1916,2023-02-07
1917,2023-02-08
1918,2023-02-09
1919,2023-02-10
1920,2023-02-11
1921,2023-02-12
1922,2023-02-13
1923,2023-02-14
1924,2023-02-15
1925,2023-02-16
1926,2023-02-17
1927,2023-02-18
1928,2023-02-19
1929,2023-02-20
1930,2023-02-21
1931,2023-02-22
1932,2023-02-23
1933,2023-02-24
1934,2023-02-25
1935,2023-02-26
1936,2023-02-27
1937,2023-02-28
1938,2023-03-01
1939,2023-03-02
1940,2023-03-03
1941,2023-03-04
1942,2023-03-05
1943,2023-03-06
1944,2023-03-07
1945,2023-03-08
1946,2023-03-09
1947,2023-03-10
1948,2023-03-11
1949,2023-03-12
1950,2023-03-13
1951,2023-03-14
1952,2023-03-15
1953,2023-03-16
1954,2023-03-17
1955,2023-03-18
1956,2023-03-19
1957,2023-03-20
1958,2023-03-21
1959,2023-03-22
1960,2023-03-23
1961,2023-03-24
1962,2023-03-25
1963,2023-03-26
1964,2023-03-27
1965,2023-03-28
1966,2023-03-29
1967,2023-03-30
1968,2023-03-31
1969,2023-04-01
1970,2023-04-02
1971,2023-04-03
1972,2023-04-04
1973,2023-04-05
1974,2023-04-06
1975,2023-04-07
1976,2023-04-08
1977,2023-04-09
1978,2023-04-10
1979,2023-04-11
1980,2023-04-12
1981,2023-04-13
1982,2023-04-14
1983,2023-04-15
1984,2023-04-16
1985,2023-04-17
1986,2023-04-18
1987,2023-04-19
1988,2023-04-20
1989,2023-04-21
1990,2023-04-22
1991,2023-04-23
1992,2023-04-24
1993,2023-04-25
1994,2023-04-26
1995,2023-04-27
1996,2023-04-28
1997,2023-04-29
1998,2023-04-30
1999,2023-05-01
2000,2023-05-02
2001,2023-05-03
2002,2023-05-04
2003,2023-05-05
2004,2023-05-06
2005,2023-05-07
2006,2023-05-08
2007,2023-05-09
2008,2023-05-10
2009,2023-05-11
2010,2023-05-12
2011,2023-05-13
2012,2023-05-14
2013,2023-05-15
2014,2023-05-16
2015,2023-05-17
2016,2023-05-18
2017,2023-05-19
2018,2023-05-20
2019,2023-05-21
2020,2023-05-22
2021,2023-05-23
2022,2023-05-24
2023,2023-05-25
2024,2023-05-26
2025,2023-05-27
2026,2023-05-28
2027,2023-05-29
2028,2023-05-30
2029,2023-05-31
2030,2023-06-01
2031,2023-06-02
2032,2023-06-03
2033,2023-06-04
2034,2023-06-05
2035,2023-06-06
2036,2023-06-07
2037,2023-06-08
2038,2023-06-09
2039,2023-06-10
2040,2023-06-11
2041,2023-06-12
2042,2023-06-13
2043,2023-06-14
2044,2023-06-15
2045,2023-06-16
2046,2023-06-17
2047,2023-06-18
2048,2023-06-19
2049,2023-06-20
2050,2023-06-21
2051,2023-06-22
2052,2023-06-23
2053,2023-06-24
2054,2023-06-25
2055,2023-06-26
2056,2023-06-27
2057,2023-06-28
2058,2023-06-29
2059,2023-06-30
2060,2023-07-01
2061,2023-07-02
2062,2023-07-03
2063,2023-07-04
2064,2023-07-05
2065,2023-07-06
2066,2023-07-07
2067,2023-07-08
2068,2023-07-09
2069,2023-07-10
2070,2023-07-11
2071,2023-07-12
2072,2023-07-13
2073,2023-07-14
2074,2023-07-15
2075,2023-07-16
2076,2023-07-17
2077,2023-07-18
2078,2023-07-19
2079,2023-07-20
2080,2023-07-21
2081,2023-07-22
2082,2023-07-23
2083,2023-07-24
2084,2023-07-25
2085,2023-07-26
2086,2023-07-27
2087,2023-07-28
2088,2023-07-29
2089,2023-07-30
2090,2023-07-31
2091,2023-08-01
2092,2023-08-02
2093,2023-08-03
2094,2023-08-04
2095,2023-08-05
2096,2023-08-06
2097,2023-08-07
2098,2023-08-08
2099,2023-08-09
2100,2023-08-10
2101,2023-08-11
2102,2023-08-12
2103,2023-08-13
2104,2023-08-14
2105,2023-08-15
2106,2023-08-16
2107,2023-08-17
2108,2023-08-18
2109,2023-08-19
2110,2023-08-20
2111,2023-08-21
2112,2023-08-22
2113,2023-08-23
2114,2023-08-24
2115,2023-08-25
2116,2023-08-26
2117,2023-08-27
2118,2023-08-28
2119,2023-08-29
2120,2023-08-30
2121,2023-08-31
2122,2023-09-01
2123,2023-09-02
2124,2023-09-03
2125,2023-09-04
2126,2023-09-05
2127,2023-09-06
2128,2023-09-07
2129,2023-09-08
2130,2023-09-09
2131,2023-09-10
2132,2023-09-11
2133,2023-09-12
2134,2023-09-13
2135,2023-09-14
2136,2023-09-15
2137,2023-09-16
2138,2023-09-17
2139,2023-09-18
2140,2023-09-19
2141,2023-09-20
2142,2023-09-21
2143,2023-09-22
2144,2023-09-23
2145,2023-09-24
2146,2023-09-25
2147,2023-09-26
2148,2023-09-27
2149,2023-09-28
2150,2023-09-29
2151,2023-09-30
2152,2023-10-01
2153,2023-10-02
2154,2023-10-03
2155,2023-10-04
2156,2023-10-05
2157,2023-10-06
2158,2023-10-07
2159,2023-10-08
2160,2023-10-09
2161,2023-10-10
2162,2023-10-11
2163,2023-10-12
2164,2023-10-13
2165,2023-10-14
2166,2023-10-15
2167,2023-10-16
2168,2023-10-17
2169,2023-10-18
2170,2023-10-19
2171,2023-10-20
2172,2023-10-21
2173,2023-10-22
2174,2023-10-23
2175,2023-10-24
2176,2023-10-25
2177,2023-10-26
2178,2023-10-27
2179,2023-10-28
2180,2023-10-29
2181,2023-10-30
2182,2023-10-31
2183,2023-11-01
2184,2023-11-02
2185,2023-11-03
2186,2023-11-04
2187,2023-11-05
2188,2023-11-06
2189,2023-11-07
2190,2023-11-08
2191,2023-11-09
2192,2023-11-10
2193,2023-11-11
2194,2023-11-12
2195,2023-11-13
2196,2023-11-14
2197,2023-11-15
2198,2023-11-16
2199,2023-11-17
2200,2023-11-18
2201,2023-11-19
2202,2023-11-20
2203,2023-11-21
2204,2023-11-22
2205,2023-11-23
2206,2023-11-24
2207,2023-11-25
2208,2023-11-26
2209,2023-11-27
2210,2023-11-28
2211,2023-11-29
2212,2023-11-30
2213,2023-12-01
2214,2023-12-02
2215,2023-12-03
2216,2023-12-04
2217,2023-12-05
2218,2023-12-06
2219,2023-12-07
2220,2023-12-08
2221,2023-12-09
2222,2023-12-10
2223,2023-12-11
2224,2023-12-12
2225,2023-12-13
2226,2023-12-14
2227,2023-12-15
2228,2023-12-16
2229,2023-12-17
2230,2023-12-18
2231,2023-12-19
2232,2023-12-20
2233,2023-12-21
2234,2023-12-22
2235,2023-12-23
2236,2023-12-24
2237,2023-12-25
2238,2023-12-26
2239,2023-12-27
2240,2023-12-28
2241,2023-12-29
2242,2023-12-30
2243,2023-12-31
2244,2024-01-01
2245,2024-01-02
2246,2024-01-03
2247,2024-01-04
2248,2024-01-05
2249,2024-01-06
2250,2024-01-07
2251,2024-01-08
2252,2024-01-09
2253,2024-01-10
2254,2024-01-11
2255,2024-01-12
2256,2024-01-13
2257,2024-01-14
2258,2024-01-15
2259,2024-01-16
2260,2024-01-17
2261,2024-01-18
2262,2024-01-19
2263,2024-01-20
2264,2024-01-21
2265,2024-01-22
2266,2024-01-23
2267,2024-01-24
2268,2024-01-25
2269,2024-01-26
2270,2024-01-27
2271,2024-01-28
2272,2024-01-29
2273,2024-01-30
2274,2024-01-31
2275,2024-02-01
2276,2024-02-02
2277,2024-02-03
2278,2024-02-04
2279,2024-02-05
2280,2024-02-06
2281,2024-02-07
2282,2024-02-08
2283,2024-02-09
2284,2024-02-10
2285,2024-02-11
2286,2024-02-12
2287,2024-02-13
2288,2024-02-14
2289,2024-02-15
2290,2024-02-16
2291,2024-02-17
2292,2024-02-18
2293,2024-02-19
2294,2024-02-20
2295,2024-02-21
2296,2024-02-22
2297,2024-02-23
2298,2024-02-24
2299,2024-02-25
2300,2024-02-26
2301,2024-02-27
2302,2024-02-28
2303,2024-02-29
2304,2024-03-01
2305,2024-03-02
2306,2024-03-03
2307,2024-03-04
2308,2024-03-05
2309,2024-03-06
2310,2024-03-07
2311,2024-03-08
2312,2024-03-09
2313,2024-03-10
2314,2024-03-11
2315,2024-03-12
2316,2024-03-13
2317,2024-03-14
2318,2024-03-15
2319,2024-03-16
2320,2024-03-17
2321,2024-03-18
2322,2024-03-19
2323,2024-03-20
2324,2024-03-21
2325,2024-03-22
2326,2024-03-23
2327,2024-03-24
2328,2024-03-25
2329,2024-03-26
2330,2024-03-27
2331,2024-03-28
2332,2024-03-29
2333,2024-03-30
2334,2024-03-31
2335,2024-04-01
2336,2024-04-02
2337,2024-04-03
2338,2024-04-04
2339,2024-04-05
2340,2024-04-06
2341,2024-04-07
2342,2024-04-08
2343,2024-04-09
2344,2024-04-10
2345,2024-04-11
2346,2024-04-12
2347,2024-04-13
2348,2024-04-14
2349,2024-04-15
2350,2024-04-16
2351,2024-04-17
2352,2024-04-18
2353,2024-04-19
2354,2024-04-20
2355,2024-04-21
2356,2024-04-22
2357,2024-04-23
2358,2024-04-24
2359,2024-04-25
2360,2024-04-26
2361,2024-04-27
2362,2024-04-28
2363,2024-04-29
2364,2024-04-30
2365,2024-05-01
2366,2024-05-02
2367,2024-05-03
2368,2024-05-04
2369,2024-05-05
2370,2024-05-06
2371,2024-05-07
2372,2024-05-08
2373,2024-05-09
2374,2024-05-10
2375,2024-05-11
2376,2024-05-12
2377,2024-05-13
2378,2024-05-14
2379,2024-05-15
2380,2024-05-16
2381,2024-05-17
2382,2024-05-18
2383,2024-05-19
2384,2024-05-20
2385,2024-05-21
2386,2024-05-22
2387,2024-05-23
2388,2024-05-24
2389,2024-05-25
2390,2024-05-26
2391,2024-05-27
2392,2024-05-28
2393,2024-05-29
2394,2024-05-30
2395,2024-05-31
2396,2024-06-01
2397,2024-06-02
2398,2024-06-03
2399,2024-06-04
2400,2024-06-05
2401,2024-06-06
2402,2024-06-07
2403,2024-06-08
2404,2024-06-09
2405,2024-06-10
2406,2024-06-11
2407,2024-06-12
2408,2024-06-13
2409,2024-06-14
2410,2024-06-15
2411,2024-06-16
2412,2024-06-17
2413,2024-06-18
2414,2024-06-19
2415,2024-06-20
2416,2024-06-21
2417,2024-06-22
2418,2024-06-23
2419,2024-06-24
2420,2024-06-25
2421,2024-06-26
2422,2024-06-27
2423,2024-06-28
2424,2024-06-29
2425,2024-06-30
2426,2024-07-01
2427,2024-07-02
2428,2024-07-03
2429,2024-07-04
2430,2024-07-05
2431,2024-07-06
2432,2024-07-07
2433,2024-07-08
2434,2024-07-09
2435,2024-07-10
2436,2024-07-11
2437,2024-07-12
2438,2024-07-13
2439,2024-07-14
2440,2024-07-15
2441,2024-07-16
2442,2024-07-17
2443,2024-07-18
2444,2024-07-19
2445,2024-07-20
2446,2024-07-21
2447,2024-07-22
2448,2024-07-23
2449,2024-07-24
2450,2024-07-25
2451,2024-07-26
2452,2024-07-27
2453,2024-07-28
2454,2024-07-29
2455,2024-07-30
2456,2024-07-31
2457,2024-08-01
2458,2024-08-02
2459,2024-08-03
2460,2024-08-04
2461,2024-08-05
2462,2024-08-06
2463,2024-08-07
2464,2024-08-08
2465,2024-08-09
2466,2024-08-10
2467,2024-08-11
2468,2024-08-12
2469,2024-08-13
2470,2024-08-14
2471,2024-08-15
2472,2024-08-16
2473,2024-08-17
2474,2024-08-18
2475,2024-08-19
2476,2024-08-20
2477,2024-08-21
2478,2024-08-22
2479,2024-08-23
2480,2024-08-24
2481,2024-08-25
2482,2024-08-26
2483,2024-08-27
2484,2024-08-28
2485,2024-08-29
2486,2024-08-30
2487,2024-08-31
2488,2024-09-01
2489,2024-09-02
2490,2024-09-03
2491,2024-09-04
2492,2024-09-05
2493,2024-09-06
2494,2024-09-07
2495,2024-09-08
2496,2024-09-09
2497,2024-09-10
2498,2024-09-11
2499,2024-09-12
2500,2024-09-13
2501,2024-09-14
2502,2024-09-15
2503,2024-09-16
2504,2024-09-17
2505,2024-09-18
2506,2024-09-19
2507,2024-09-20
2508,2024-09-21
2509,2024-09-22
2510,2024-09-23
2511,2024-09-24
2512,2024-09-25
2513,2024-09-26
2514,2024-09-27
2515,2024-09-28
2516,2024-09-29
2517,2024-09-30
2518,2024-10-01
2519,2024-10-02
2520,2024-10-03
2521,2024-10-04
2522,2024-10-05
2523,2024-10-06
2524,2024-10-07
2525,2024-10-08
2526,2024-10-09
2527,2024-10-10
2528,2024-10-11
2529,2024-10-12
2530,2024-10-13
2531,2024-10-14
2532,2024-10-15
2533,2024-10-16
2534,2024-10-17
2535,2024-10-18
2536,2024-10-19
2537,2024-10-20
2538,2024-10-21
2539,2024-10-22
2540,2024-10-23
2541,2024-10-24
2542,2024-10-25
2543,2024-10-26
2544,2024-10-27
2545,2024-10-28
2546,2024-10-29
2547,2024-10-30
2548,2024-10-31
2549,2024-11-01
2550,2024-11-02
2551,2024-11-03
2552,2024-11-04
2553,2024-11-05
2554,2024-11-06
2555,2024-11-07
2556,2024-11-08
2557,2024-11-09
2558,2024-11-10
2559,2024-11-11
2560,2024-11-12
2561,2024-11-13
2562,2024-11-14
2563,2024-11-15
2564,2024-11-16
2565,2024-11-17
2566,2024-11-18
2567,2024-11-19
2568,2024-11-20
2569,2024-11-21
2570,2024-11-22
2571,2024-11-23
2572,2024-11-24
2573,2024-11-25
2574,2024-11-26
2575,2024-11-27
2576,2024-11-28
2577,2024-11-29
2578,2024-11-30
2579,2024-12-01
2580,2024-12-02
2581,2024-12-03
2582,2024-12-04
2583,2024-12-05
2584,2024-12-06
2585,2024-12-07
2586,2024-12-08
2587,2024-12-09
2588,2024-12-10
2589,2024-12-11
2590,2024-12-12
2591,2024-12-13
2592,2024-12-14
2593,2024-12-15
2594,2024-12-16
2595,2024-12-17
2596,2024-12-18
2597,2024-12-19
2598,2024-12-20
2599,2024-12-21
2600,2024-12-22
2601,2024-12-23
2602,2024-12-24
2603,2024-12-25
2604,2024-12-26
2605,2024-12-27
2606,2024-12-28
2607,2024-12-29
2608,2024-12-30
2609,2024-12-31
2610,2025-01-01
2611,2025-01-02
2612,2025-01-03
2613,2025-01-04
2614,2025-01-05
2615,2025-01-06
2616,2025-01-07
2617,2025-01-08
2618,2025-01-09
2619,2025-01-10
2620,2025-01-11
2621,2025-01-12
2622,2025-01-13
2623,2025-01-14
2624,2025-01-15
2625,2025-01-16
2626,2025-01-17
2627,2025-01-18
2628,2025-01-19
2629,2025-01-20
2630,2025-01-21
2631,2025-01-22
2632,2025-01-23
2633,2025-01-24
2634,2025-01-25
2635,2025-01-26
2636,2025-01-27
2637,2025-01-28
2638,2025-01-29
2639,2025-01-30
2640,2025-01-31
2641,2025-02-01
2642,2025-02-02
2643,2025-02-03
2644,2025-02-04
2645,2025-02-05
2646,2025-02-06
2647,2025-02-07
2648,2025-02-08
2649,2025-02-09
2650,2025-02-10
2651,2025-02-11
2652,2025-02-12
2653,2025-02-13
2654,2025-02-14
2655,2025-02-15
2656,2025-02-16
2657,2025-02-17
2658,2025-02-18
2659,2025-02-19
2660,2025-02-20
2661,2025-02-21
2662,2025-02-22
2663,2025-02-23
2664,2025-02-24
2665,2025-02-25
2666,2025-02-26
2667,2025-02-27
2668,2025-02-28
2669,2025-03-01
2670,2025-03-02
2671,2025-03-03
2672,2025-03-04
2673,2025-03-05
2674,2025-03-06
2675,2025-03-07
2676,2025-03-08
2677,2025-03-09
2678,2025-03-10
2679,2025-03-11
2680,2025-03-12
2681,2025-03-13
2682,2025-03-14
2683,2025-03-15
2684,2025-03-16
2685,2025-03-17
2686,2025-03-18
2687,2025-03-19
2688,2025-03-20
2689,2025-03-21
2690,2025-03-22
2691,2025-03-23
2692,2025-03-24
2693,2025-03-25
2694,2025-03-26
2695,2025-03-27
2696,2025-03-28
2697,2025-03-29
2698,2025-03-30
2699,2025-03-31
2700,2025-04-01
2701,2025-04-02
2702,2025-04-03
2703,2025-04-04
2704,2025-04-05
2705,2025-04-06
2706,2025-04-07
2707,2025-04-08
2708,2025-04-09
2709,2025-04-10
2710,2025-04-11
2711,2025-04-12
2712,2025-04-13
2713,2025-04-14
2714,2025-04-15
2715,2025-04-16
2716,2025-04-17
2717,2025-04-18
2718,2025-04-19
2719,2025-04-20
2720,2025-04-21
2721,2025-04-22
2722,2025-04-23
2723,2025-04-24
2724,2025-04-25
2725,2025-04-26
2726,2025-04-27
2727,2025-04-28
2728,2025-04-29
2729,2025-04-30
2730,2025-05-01
2731,2025-05-02
2732,2025-05-03
2733,2025-05-04
2734,2025-05-05
2735,2025-05-06
2736,2025-05-07
2737,2025-05-08
2738,2025-05-09
2739,2025-05-10
2740,2025-05-11
2741,2025-05-12
2742,2025-05-13
2743,2025-05-14
2744,2025-05-15
2745,2025-05-16
2746,2025-05-17
2747,2025-05-18
2748,2025-05-19
2749,2025-05-20
2750,2025-05-21
2751,2025-05-22
2752,2025-05-23
2753,2025-05-24
2754,2025-05-25
2755,2025-05-26
2756,2025-05-27
2757,2025-05-28
2758,2025-05-29
2759,2025-05-30
2760,2025-05-31
2761,2025-06-01
2762,2025-06-02
2763,2025-06-03
2764,2025-06-04
2765,2025-06-05
2766,2025-06-06
2767,2025-06-07
2768,2025-06-08
2769,2025-06-09
2770,2025-06-10
2771,2025-06-11
2772,2025-06-12
2773,2025-06-13
2774,2025-06-14
2775,2025-06-15
2776,2025-06-16
2777,2025-06-17
2778,2025-06-18
2779,2025-06-19
2780,2025-06-20
2781,2025-06-21
2782,2025-06-22
2783,2025-06-23
2784,2025-06-24
2785,2025-06-25
2786,2025-06-26
2787,2025-06-27
2788,2025-06-28
2789,2025-06-29
2790,2025-06-30
2791,2025-07-01
2792,2025-07-02
2793,2025-07-03
2794,2025-07-04
2795,2025-07-05
2796,2025-07-06
2797,2025-07-07
2798,2025-07-08
2799,2025-07-09
2800,2025-07-10
2801,2025-07-11
2802,2025-07-12
2803,2025-07-13
2804,2025-07-14
2805,2025-07-15
2806,2025-07-16
2807,2025-07-17
2808,2025-07-18
2809,2025-07-19
2810,2025-07-20
2811,2025-07-21
2812,2025-07-22
2813,2025-07-23
2814,2025-07-24
2815,2025-07-25
2816,2025-07-26
2817,2025-07-27
2818,2025-07-28
2819,2025-07-29
2820,2025-07-30
2821,2025-07-31
2822,2025-08-01
2823,2025-08-02
2824,2025-08-03
2825,2025-08-04
2826,2025-08-05
2827,2025-08-06
2828,2025-08-07
2829,2025-08-08
2830,2025-08-09
2831,2025-08-10
2832,2025-08-11
2833,2025-08-12
2834,2025-08-13
2835,2025-08-14
2836,2025-08-15
2837,2025-08-16
2838,2025-08-17
2839,2025-08-18
2840,2025-08-19
2841,2025-08-20
2842,2025-08-21
2843,2025-08-22
2844,2025-08-23
2845,2025-08-24
2846,2025-08-25
2847,2025-08-26
2848,2025-08-27
2849,2025-08-28
2850,2025-08-29
2851,2025-08-30
2852,2025-08-31
2853,2025-09-01
2854,2025-09-02
2855,2025-09-03
2856,2025-09-04
2857,2025-09-05
2858,2025-09-06
2859,2025-09-07
2860,2025-09-08
2861,2025-09-09
2862,2025-09-10
2863,2025-09-11
2864,2025-09-12
2865,2025-09-13
2866,2025-09-14
2867,2025-09-15
2868,2025-09-16
2869,2025-09-17
2870,2025-09-18
2871,2025-09-19
2872,2025-09-20
2873,2025-09-21
2874,2025-09-22
2875,2025-09-23
2876,2025-09-24
2877,2025-09-25
2878,2025-09-26
2879,2025-09-27
2880,2025-09-28
2881,2025-09-29
2882,2025-09-30
2883,2025-10-01
2884,2025-10-02
2885,2025-10-03
2886,2025-10-04
2887,2025-10-05
2888,2025-10-06
2889,2025-10-07
2890,2025-10-08
2891,2025-10-09
2892,2025-10-10
2893,2025-10-11
2894,2025-10-12
2895,2025-10-13
2896,2025-10-14
2897,2025-10-15
2898,2025-10-16
2899,2025-10-17
2900,2025-10-18
2901,2025-10-19
2902,2025-10-20
2903,2025-10-21
2904,2025-10-22
2905,2025-10-23
2906,2025-10-24
2907,2025-10-25
2908,2025-10-26
2909,2025-10-27
2910,2025-10-28
2911,2025-10-29
2912,2025-10-30
2913,2025-10-31
2914,2025-11-01
2915,2025-11-02
2916,2025-11-03
2917,2025-11-04
2918,2025-11-05
2919,2025-11-06
2920,2025-11-07
2921,2025-11-08
2922,2025-11-09
2923,2025-11-10
2924,2025-11-11
2925,2025-11-12
2926,2025-11-13
2927,2025-11-14
2928,2025-11-15
2929,2025-11-16
2930,2025-11-17
2931,2025-11-18
2932,2025-11-19
2933,2025-11-20
2934,2025-11-21
2935,2025-11-22
2936,2025-11-23
2937,2025-11-24
2938,2025-11-25
2939,2025-11-26
2940,2025-11-27
2941,2025-11-28
2942,2025-11-29
2943,2025-11-30
2944,2025-12-01
2945,2025-12-02
2946,2025-12-03
2947,2025-12-04
2948,2025-12-05
2949,2025-12-06
2950,2025-12-07
2951,2025-12-08
2952,2025-12-09
2953,2025-12-10
2954,2025-12-11
2955,2025-12-12
2956,2025-12-13
2957,2025-12-14
2958,2025-12-15
2959,2025-12-16
2960,2025-12-17
2961,2025-12-18
2962,2025-12-19
2963,2025-12-20
2964,2025-12-21
2965,2025-12-22
2966,2025-12-23
2967,2025-12-24
2968,2025-12-25
2969,2025-12-26
2970,2025-12-27
2971,2025-12-28
2972,2025-12-29
2973,2025-12-30
2974,2025-12-31
2975,2026-01-01
2976,2026-01-02
2977,2026-01-03
2978,2026-01-04
2979,2026-01-05
2980,2026-01-06
2981,2026-01-07
2982,2026-01-08
2983,2026-01-09
2984,2026-01-10
2985,2026-01-11
2986,2026-01-12
2987,2026-01-13
2988,2026-01-14
2989,2026-01-15
2990,2026-01-16
2991,2026-01-17
2992,2026-01-18
2993,2026-01-19
2994,2026-01-20
2995,2026-01-21
2996,2026-01-22
2997,2026-01-23
2998,2026-01-24
2999,2026-01-25
3000,2026-01-26
3001,2026-01-27
3002,2026-01-28
3003,2026-01-29
3004,2026-01-30
3005,2026-01-31
3006,2026-02-01
3007,2026-02-02
3008,2026-02-03
3009,2026-02-04
3010,2026-02-05
3011,2026-02-06
3012,2026-02-07
3013,2026-02-08
3014,2026-02-09
3015,2026-02-10
3016,2026-02-11
3017,2026-02-12
3018,2026-02-13
3019,2026-02-14
3020,2026-02-15
3021,2026-02-16
3022,2026-02-17
3023,2026-02-18
3024,2026-02-19
3025,2026-02-20
3026,2026-02-21
3027,2026-02-22
3028,2026-02-23
3029,2026-02-24
3030,2026-02-25
3031,2026-02-26
3032,2026-02-27
3033,2026-02-28
3034,2026-03-01
3035,2026-03-02
3036,2026-03-03
3037,2026-03-04
3038,2026-03-05
3039,2026-03-06
3040,2026-03-07
3041,2026-03-08
3042,2026-03-09
3043,2026-03-10
3044,2026-03-11
3045,2026-03-12
3046,2026-03-13
3047,2026-03-14
3048,2026-03-15
3049,2026-03-16
3050,2026-03-17
3051,2026-03-18
3052,2026-03-19
3053,2026-03-20
3054,2026-03-21
3055,2026-03-22
3056,2026-03-23
3057,2026-03-24
3058,2026-03-25
3059,2026-03-26
3060,2026-03-27
3061,2026-03-28
3062,2026-03-29
3063,2026-03-30
3064,2026-03-31
3065,2026-04-01
3066,2026-04-02
3067,2026-04-03
3068,2026-04-04
3069,2026-04-05
3070,2026-04-06
3071,2026-04-07
3072,2026-04-08
3073,2026-04-09
3074,2026-04-10
3075,2026-04-11
3076,2026-04-12
3077,2026-04-13
3078,2026-04-14
3079,2026-04-15
3080,2026-04-16
3081,2026-04-17
3082,2026-04-18
3083,2026-04-19
3084,2026-04-20
3085,2026-04-21
3086,2026-04-22
3087,2026-04-23
3088,2026-04-24
3089,2026-04-25
3090,2026-04-26
3091,2026-04-27
3092,2026-04-28
3093,2026-04-29
3094,2026-04-30
3095,2026-05-01
3096,2026-05-02
3097,2026-05-03
3098,2026-05-04
3099,2026-05-05
3100,2026-05-06
3101,2026-05-07
3102,2026-05-08
3103,2026-05-09
3104,2026-05-10
3105,2026-05-11
3106,2026-05-12
3107,2026-05-13
3108,2026-05-14
3109,2026-05-15
3110,2026-05-16
3111,2026-05-17
3112,2026-05-18
3113,2026-05-19
3114,2026-05-20
3115,2026-05-21
3116,2026-05-22
3117,2026-05-23
3118,2026-05-24
3119,2026-05-25
3120,2026-05-26
3121,2026-05-27
3122,2026-05-28
3123,2026-05-29
3124,2026-05-30
3125,2026-05-31
3126,2026-06-01
3127,2026-06-02
3128,2026-06-03
3129,2026-06-04
3130,2026-06-05
3131,2026-06-06
3132,2026-06-07
3133,2026-06-08
3134,2026-06-09
3135,2026-06-10
3136,2026-06-11
3137,2026-06-12
3138,2026-06-13
3139,2026-06-14
3140,2026-06-15
3141,2026-06-16
3142,2026-06-17
3143,2026-06-18
3144,2026-06-19
3145,2026-06-20
3146,2026-06-21
3147,2026-06-22
3148,2026-06-23
3149,2026-06-24
3150,2026-06-25
3151,2026-06-26
3152,2026-06-27
3153,2026-06-28
3154,2026-06-29
3155,2026-06-30
3156,2026-07-01
3157,2026-07-02
3158,2026-07-03
3159,2026-07-04
3160,2026-07-05
3161,2026-07-06
3162,2026-07-07
3163,2026-07-08
3164,2026-07-09
3165,2026-07-10
3166,2026-07-11
3167,2026-07-12
3168,2026-07-13
3169,2026-07-14
3170,2026-07-15
3171,2026-07-16
3172,2026-07-17
3173,2026-07-18
3174,2026-07-19
3175,2026-07-20
3176,2026-07-21
3177,2026-07-22
3178,2026-07-23
3179,2026-07-24
3180,2026-07-25
3181,2026-07-26
3182,2026-07-27
3183,2026-07-28
3184,2026-07-29
3185,2026-07-30
3186,2026-07-31
3187,2026-08-01
3188,2026-08-02
3189,2026-08-03
3190,2026-08-04
3191,2026-08-05
3192,2026-08-06
3193,2026-08-07
3194,2026-08-08
3195,2026-08-09
3196,2026-08-10
3197,2026-08-11
3198,2026-08-12
3199,2026-08-13
3200,2026-08-14
3201,2026-08-15
3202,2026-08-16
3203,2026-08-17
3204,2026-08-18
3205,2026-08-19
3206,2026-08-20
3207,2026-08-21
3208,2026-08-22
3209,2026-08-23
3210,2026-08-24
3211,2026-08-25
3212,2026-08-26
3213,2026-08-27
3214,2026-08-28
3215,2026-08-29
3216,2026-08-30
3217,2026-08-31
3218,2026-09-01
3219,2026-09-02
3220,2026-09-03
3221,2026-09-04
3222,2026-09-05
3223,2026-09-06
3224,2026-09-07
3225,2026-09-08
3226,2026-09-09
3227,2026-09-10
3228,2026-09-11
3229,2026-09-12
3230,2026-09-13
3231,2026-09-14
3232,2026-09-15
3233,2026-09-16
3234,2026-09-17
3235,2026-09-18
3236,2026-09-19
3237,2026-09-20
3238,2026-09-21
3239,2026-09-22
3240,2026-09-23
3241,2026-09-24
3242,2026-09-25
3243,2026-09-26
3244,2026-09-27
3245,2026-09-28
3246,2026-09-29
3247,2026-09-30
3248,2026-10-01
3249,2026-10-02
3250,2026-10-03
3251,2026-10-04
3252,2026-10-05
3253,2026-10-06
3254,2026-10-07
3255,2026-10-08
3256,2026-10-09
3257,2026-10-10
3258,2026-10-11
3259,2026-10-12
3260,2026-10-13
3261,2026-10-14
3262,2026-10-15
3263,2026-10-16
3264,2026-10-17
3265,2026-10-18
3266,2026-10-19
3267,2026-10-20
3268,2026-10-21
3269,2026-10-22
3270,2026-10-23
3271,2026-10-24
3272,2026-10-25
3273,2026-10-26
3274,2026-10-27
3275,2026-10-28
3276,2026-10-29
3277,2026-10-30
3278,2026-10-31
3279,2026-11-01
3280,2026-11-02
3281,2026-11-03
3282,2026-11-04
3283,2026-11-05
3284,2026-11-06
3285,2026-11-07
3286,2026-11-08
3287,2026-11-09
3288,2026-11-10
3289,2026-11-11
3290,2026-11-12
3291,2026-11-13
3292,2026-11-14
3293,2026-11-15
3294,2026-11-16
3295,2026-11-17
3296,2026-11-18
3297,2026-11-19
3298,2026-11-20
3299,2026-11-21
3300,2026-11-22
3301,2026-11-23
3302,2026-11-24
3303,2026-11-25
3304,2026-11-26
3305,2026-11-27
3306,2026-11-28
3307,2026-11-29
3308,2026-11-30
3309,2026-12-01
3310,2026-12-02
3311,2026-12-03
3312,2026-12-04
3313,2026-12-05
3314,2026-12-06
3315,2026-12-07
3316,2026-12-08
3317,2026-12-09
3318,2026-12-10
3319,2026-12-11
3320,2026-12-12
3321,2026-12-13
3322,2026-12-14
3323,2026-12-15
3324,2026-12-16
3325,2026-12-17
3326,2026-12-18
3327,2026-12-19
3328,2026-12-20
3329,2026-12-21
3330,2026-12-22
3331,2026-12-23
3332,2026-12-24
3333,2026-12-25
3334,2026-12-26
3335,2026-12-27
3336,2026-12-28
3337,2026-12-29
3338,2026-12-30
3339,2026-12-31
3340,2027-01-01
3341,2027-01-02
3342,2027-01-03
3343,2027-01-04
3344,2027-01-05
3345,2027-01-06
3346,2027-01-07
3347,2027-01-08
3348,2027-01-09
3349,2027-01-10
3350,2027-01-11
3351,2027-01-12
3352,2027-01-13
3353,2027-01-14
3354,2027-01-15
3355,2027-01-16
3356,2027-01-17
3357,2027-01-18
3358,2027-01-19
3359,2027-01-20
3360,2027-01-21
3361,2027-01-22
3362,2027-01-23
3363,2027-01-24
3364,2027-01-25
3365,2027-01-26
3366,2027-01-27
3367,2027-01-28
3368,2027-01-29
3369,2027-01-30
3370,2027-01-31
3371,2027-02-01
3372,2027-02-02
3373,2027-02-03
3374,2027-02-04
3375,2027-02-05
3376,2027-02-06
3377,2027-02-07
3378,2027-02-08
3379,2027-02-09
3380,2027-02-10
3381,2027-02-11
3382,2027-02-12
3383,2027-02-13
3384,2027-02-14
3385,2027-02-15
3386,2027-02-16
3387,2027-02-17
3388,2027-02-18
3389,2027-02-19
3390,2027-02-20
3391,2027-02-21
3392,2027-02-22
3393,2027-02-23
3394,2027-02-24
3395,2027-02-25
3396,2027-02-26
3397,2027-02-27
3398,2027-02-28
3399,2027-03-01
3400,2027-03-02
3401,2027-03-03
3402,2027-03-04
3403,2027-03-05
3404,2027-03-06
3405,2027-03-07
3406,2027-03-08
3407,2027-03-09
3408,2027-03-10
3409,2027-03-11
3410,2027-03-12
3411,2027-03-13
3412,2027-03-14
3413,2027-03-15
3414,2027-03-16
3415,2027-03-17
3416,2027-03-18
3417,2027-03-19
3418,2027-03-20
3419,2027-03-21
3420,2027-03-22
3421,2027-03-23
3422,2027-03-24
3423,2027-03-25
3424,2027-03-26
3425,2027-03-27
3426,2027-03-28
3427,2027-03-29
3428,2027-03-30
3429,2027-03-31
3430,2027-04-01
3431,2027-04-02
3432,2027-04-03
3433,2027-04-04
3434,2027-04-05
3435,2027-04-06
3436,2027-04-07
3437,2027-04-08
3438,2027-04-09
3439,2027-04-10
3440,2027-04-11
3441,2027-04-12
3442,2027-04-13
3443,2027-04-14
3444,2027-04-15
3445,2027-04-16
3446,2027-04-17
3447,2027-04-18
3448,2027-04-19
3449,2027-04-20
3450,2027-04-21
3451,2027-04-22
3452,2027-04-23
3453,2027-04-24
3454,2027-04-25
3455,2027-04-26
3456,2027-04-27
3457,2027-04-28
3458,2027-04-29
3459,2027-04-30
3460,2027-05-01
3461,2027-05-02
3462,2027-05-03
3463,2027-05-04
3464,2027-05-05
3465,2027-05-06
3466,2027-05-07
3467,2027-05-08
3468,2027-05-09
3469,2027-05-10
3470,2027-05-11
3471,2027-05-12
3472,2027-05-13
3473,2027-05-14
3474,2027-05-15
3475,2027-05-16
3476,2027-05-17
3477,2027-05-18
3478,2027-05-19
3479,2027-05-20
3480,2027-05-21
3481,2027-05-22
3482,2027-05-23
3483,2027-05-24
3484,2027-05-25
3485,2027-05-26
3486,2027-05-27
3487,2027-05-28
3488,2027-05-29
3489,2027-05-30
3490,2027-05-31
3491,2027-06-01
3492,2027-06-02
3493,2027-06-03
3494,2027-06-04
3495,2027-06-05
3496,2027-06-06
3497,2027-06-07
3498,2027-06-08
3499,2027-06-09
3500,2027-06-10
3501,2027-06-11
3502,2027-06-12
3503,2027-06-13
3504,2027-06-14
3505,2027-06-15
3506,2027-06-16
3507,2027-06-17
3508,2027-06-18
3509,2027-06-19
3510,2027-06-20
3511,2027-06-21
3512,2027-06-22
3513,2027-06-23
3514,2027-06-24
3515,2027-06-25
3516,2027-06-26
3517,2027-06-27
3518,2027-06-28
3519,2027-06-29
3520,2027-06-30
3521,2027-07-01
3522,2027-07-02
3523,2027-07-03
3524,2027-07-04
3525,2027-07-05
3526,2027-07-06
3527,2027-07-07
3528,2027-07-08
3529,2027-07-09
3530,2027-07-10
3531,2027-07-11
3532,2027-07-12
3533,2027-07-13
3534,2027-07-14
3535,2027-07-15
3536,2027-07-16
3537,2027-07-17
3538,2027-07-18
3539,2027-07-19
3540,2027-07-20
3541,2027-07-21
3542,2027-07-22
3543,2027-07-23
3544,2027-07-24
3545,2027-07-25
3546,2027-07-26
3547,2027-07-27
3548,2027-07-28
3549,2027-07-29
3550,2027-07-30
3551,2027-07-31
3552,2027-08-01
3553,2027-08-02
3554,2027-08-03
3555,2027-08-04
3556,2027-08-05
3557,2027-08-06
3558,2027-08-07
3559,2027-08-08
3560,2027-08-09
3561,2027-08-10
3562,2027-08-11
3563,2027-08-12
3564,2027-08-13
3565,2027-08-14
3566,2027-08-15
3567,2027-08-16
3568,2027-08-17
3569,2027-08-18
3570,2027-08-19
3571,2027-08-20
3572,2027-08-21
3573,2027-08-22
3574,2027-08-23
3575,2027-08-24
3576,2027-08-25
3577,2027-08-26
3578,2027-08-27
3579,2027-08-28
3580,2027-08-29
3581,2027-08-30
3582,2027-08-31
3583,2027-09-01
3584,2027-09-02
3585,2027-09-03
3586,2027-09-04
3587,2027-09-05
3588,2027-09-06
3589,2027-09-07
3590,2027-09-08
3591,2027-09-09
3592,2027-09-10
3593,2027-09-11
3594,2027-09-12
3595,2027-09-13
3596,2027-09-14
3597,2027-09-15
3598,2027-09-16
3599,2027-09-17
3600,2027-09-18
3601,2027-09-19
3602,2027-09-20
3603,2027-09-21
3604,2027-09-22
3605,2027-09-23
3606,2027-09-24
3607,2027-09-25
3608,2027-09-26
3609,2027-09-27
3610,2027-09-28
3611,2027-09-29
3612,2027-09-30
3613,2027-10-01
3614,2027-10-02
3615,2027-10-03
3616,2027-10-04
3617,2027-10-05
3618,2027-10-06
3619,2027-10-07
3620,2027-10-08
3621,2027-10-09
3622,2027-10-10
3623,2027-10-11
3624,2027-10-12
3625,2027-10-13
3626,2027-10-14
3627,2027-10-15
3628,2027-10-16
3629,2027-10-17
3630,2027-10-18
3631,2027-10-19
3632,2027-10-20
3633,2027-10-21
3634,2027-10-22
3635,2027-10-23
3636,2027-10-24
3637,2027-10-25
3638,2027-10-26
3639,2027-10-27
3640,2027-10-28
3641,2027-10-29
3642,2027-10-30
3643,2027-10-31
3644,2027-11-01
3645,2027-11-02
3646,2027-11-03
3647,2027-11-04
3648,2027-11-05
3649,2027-11-06
3650,2027-11-07
3651,2027-11-08
3652,2027-11-09
3653,2027-11-10
3654,2027-11-11
3655,2027-11-12
3656,2027-11-13
3657,2027-11-14
3658,2027-11-15
3659,2027-11-16
3660,2027-11-17
3661,2027-11-18
3662,2027-11-19
3663,2027-11-20
3664,2027-11-21
3665,2027-11-22
3666,2027-11-23
3667,2027-11-24
3668,2027-11-25
3669,2027-11-26
3670,2027-11-27
3671,2027-11-28
3672,2027-11-29
3673,2027-11-30
3674,2027-12-01
3675,2027-12-02
3676,2027-12-03
3677,2027-12-04
3678,2027-12-05
3679,2027-12-06
3680,2027-12-07
3681,2027-12-08
3682,2027-12-09
3683,2027-12-10
3684,2027-12-11
3685,2027-12-12
3686,2027-12-13
3687,2027-12-14
3688,2027-12-15
3689,2027-12-16
3690,2027-12-17
3691,2027-12-18
3692,2027-12-19
3693,2027-12-20
3694,2027-12-21
3695,2027-12-22
3696,2027-12-23
3697,2027-12-24
3698,2027-12-25
3699,2027-12-26
3700,2027-12-27
3701,2027-12-28
3702,2027-12-29
3703,2027-12-30
3704,2027-12-31
3705,2028-01-01
3706,2028-01-02
3707,2028-01-03
3708,2028-01-04
3709,2028-01-05
3710,2028-01-06
3711,2028-01-07
3712,2028-01-08
3713,2028-01-09
3714,2028-01-10
3715,2028-01-11
3716,2028-01-12
3717,2028-01-13
3718,2028-01-14
3719,2028-01-15
3720,2028-01-16
3721,2028-01-17
3722,2028-01-18
3723,2028-01-19
3724,2028-01-20
3725,2028-01-21
3726,2028-01-22
3727,2028-01-23
3728,2028-01-24
3729,2028-01-25
3730,2028-01-26
3731,2028-01-27
3732,2028-01-28
3733,2028-01-29
3734,2028-01-30
3735,2028-01-31
3736,2028-02-01
3737,2028-02-02
3738,2028-02-03
3739,2028-02-04
3740,2028-02-05
3741,2028-02-06
3742,2028-02-07
3743,2028-02-08
3744,2028-02-09
3745,2028-02-10
3746,2028-02-11
3747,2028-02-12
3748,2028-02-13
3749,2028-02-14
3750,2028-02-15
3751,2028-02-16
3752,2028-02-17
3753,2028-02-18
3754,2028-02-19
3755,2028-02-20
3756,2028-02-21
3757,2028-02-22
3758,2028-02-23
3759,2028-02-24
3760,2028-02-25
3761,2028-02-26
3762,2028-02-27
3763,2028-02-28
3764,2028-02-29
3765,2028-03-01
3766,2028-03-02
3767,2028-03-03
3768,2028-03-04
3769,2028-03-05
3770,2028-03-06
3771,2028-03-07
3772,2028-03-08
3773,2028-03-09
3774,2028-03-10
3775,2028-03-11
3776,2028-03-12
3777,2028-03-13
3778,2028-03-14
3779,2028-03-15
3780,2028-03-16
3781,2028-03-17
3782,2028-03-18
3783,2028-03-19
3784,2028-03-20
3785,2028-03-21
3786,2028-03-22
3787,2028-03-23
3788,2028-03-24
3789,2028-03-25
3790,2028-03-26
3791,2028-03-27
3792,2028-03-28
3793,2028-03-29
3794,2028-03-30
3795,2028-03-31
3796,2028-04-01
3797,2028-04-02
3798,2028-04-03
3799,2028-04-04
3800,2028-04-05
3801,2028-04-06
3802,2028-04-07
3803,2028-04-08
3804,2028-04-09
3805,2028-04-10
3806,2028-04-11
3807,2028-04-12
3808,2028-04-13
3809,2028-04-14
3810,2028-04-15
3811,2028-04-16
3812,2028-04-17
3813,2028-04-18
3814,2028-04-19
3815,2028-04-20
3816,2028-04-21
3817,2028-04-22
3818,2028-04-23
3819,2028-04-24
3820,2028-04-25
3821,2028-04-26
3822,2028-04-27
3823,2028-04-28
3824,2028-04-29
3825,2028-04-30
3826,2028-05-01
3827,2028-05-02
3828,2028-05-03
3829,2028-05-04
3830,2028-05-05
3831,2028-05-06
3832,2028-05-07
3833,2028-05-08
3834,2028-05-09
3835,2028-05-10
3836,2028-05-11
3837,2028-05-12
3838,2028-05-13
3839,2028-05-14
3840,2028-05-15
3841,2028-05-16
3842,2028-05-17
3843,2028-05-18
3844,2028-05-19
3845,2028-05-20
3846,2028-05-21
3847,2028-05-22
3848,2028-05-23
3849,2028-05-24
3850,2028-05-25
3851,2028-05-26
3852,2028-05-27
3853,2028-05-28
3854,2028-05-29
3855,2028-05-30
3856,2028-05-31
3857,2028-06-01
3858,2028-06-02
3859,2028-06-03
3860,2028-06-04
3861,2028-06-05
3862,2028-06-06
3863,2028-06-07
3864,2028-06-08
3865,2028-06-09
3866,2028-06-10
3867,2028-06-11
3868,2028-06-12
3869,2028-06-13
3870,2028-06-14
3871,2028-06-15
3872,2028-06-16
3873,2028-06-17
3874,2028-06-18
3875,2028-06-19
3876,2028-06-20
3877,2028-06-21
3878,2028-06-22
3879,2028-06-23
3880,2028-06-24
3881,2028-06-25
3882,2028-06-26
3883,2028-06-27
3884,2028-06-28
3885,2028-06-29
3886,2028-06-30
3887,2028-07-01
3888,2028-07-02
3889,2028-07-03
3890,2028-07-04
3891,2028-07-05
3892,2028-07-06
3893,2028-07-07
3894,2028-07-08
3895,2028-07-09
3896,2028-07-10
3897,2028-07-11
3898,2028-07-12
3899,2028-07-13
3900,2028-07-14
3901,2028-07-15
3902,2028-07-16
3903,2028-07-17
3904,2028-07-18
3905,2028-07-19
3906,2028-07-20
3907,2028-07-21
3908,2028-07-22
3909,2028-07-23
3910,2028-07-24
3911,2028-07-25
3912,2028-07-26
3913,2028-07-27
3914,2028-07-28
3915,2028-07-29
3916,2028-07-30
3917,2028-07-31
3918,2028-08-01
3919,2028-08-02
3920,2028-08-03
3921,2028-08-04
3922,2028-08-05
3923,2028-08-06
3924,2028-08-07
3925,2028-08-08
3926,2028-08-09
3927,2028-08-10
3928,2028-08-11
3929,2028-08-12
3930,2028-08-13
3931,2028-08-14
3932,2028-08-15
3933,2028-08-16
3934,2028-08-17
3935,2028-08-18
3936,2028-08-19
3937,2028-08-20
3938,2028-08-21
3939,2028-08-22
3940,2028-08-23
3941,2028-08-24
3942,2028-08-25
3943,2028-08-26
3944,2028-08-27
3945,2028-08-28
3946,2028-08-29
3947,2028-08-30
3948,2028-08-31
3949,2028-09-01
3950,2028-09-02
3951,2028-09-03
3952,2028-09-04
3953,2028-09-05
3954,2028-09-06
3955,2028-09-07
3956,2028-09-08
3957,2028-09-09
3958,2028-09-10
3959,2028-09-11
3960,2028-09-12
3961,2028-09-13
3962,2028-09-14
3963,2028-09-15
3964,2028-09-16
3965,2028-09-17
3966,2028-09-18
3967,2028-09-19
3968,2028-09-20
3969,2028-09-21
3970,2028-09-22
3971,2028-09-23
3972,2028-09-24
3973,2028-09-25
3974,2028-09-26
3975,2028-09-27
3976,2028-09-28
3977,2028-09-29
3978,2028-09-30
3979,2028-10-01
3980,2028-10-02
3981,2028-10-03
3982,2028-10-04
3983,2028-10-05
3984,2028-10-06
3985,2028-10-07
3986,2028-10-08
3987,2028-10-09
3988,2028-10-10
3989,2028-10-11
3990,2028-10-12
3991,2028-10-13
3992,2028-10-14
3993,2028-10-15
3994,2028-10-16
3995,2028-10-17
3996,2028-10-18
3997,2028-10-19
3998,2028-10-20
3999,2028-10-21
4000,2028-10-22
4001,2028-10-23
4002,2028-10-24
4003,2028-10-25
4004,2028-10-26
4005,2028-10-27
4006,2028-10-28
4007,2028-10-29
4008,2028-10-30
4009,2028-10-31
4010,2028-11-01
4011,2028-11-02
4012,2028-11-03
4013,2028-11-04
4014,2028-11-05
4015,2028-11-06
4016,2028-11-07
4017,2028-11-08
4018,2028-11-09
4019,2028-11-10
4020,2028-11-11
4021,2028-11-12
4022,2028-11-13
4023,2028-11-14
4024,2028-11-15
4025,2028-11-16
4026,2028-11-17
4027,2028-11-18
4028,2028-11-19
4029,2028-11-20
4030,2028-11-21
4031,2028-11-22
4032,2028-11-23
4033,2028-11-24
4034,2028-11-25
4035,2028-11-26
4036,2028-11-27
4037,2028-11-28
4038,2028-11-29
4039,2028-11-30
4040,2028-12-01
4041,2028-12-02
4042,2028-12-03
4043,2028-12-04
4044,2028-12-05
4045,2028-12-06
4046,2028-12-07
4047,2028-12-08
4048,2028-12-09
4049,2028-12-10
4050,2028-12-11
4051,2028-12-12
4052,2028-12-13
4053,2028-12-14
4054,2028-12-15
4055,2028-12-16
4056,2028-12-17
4057,2028-12-18
4058,2028-12-19
4059,2028-12-20
4060,2028-12-21
4061,2028-12-22
4062,2028-12-23
4063,2028-12-24
4064,2028-12-25
4065,2028-12-26
4066,2028-12-27
4067,2028-12-28
4068,2028-12-29
4069,2028-12-30
4070,2028-12-31
4071,2029-01-01
4072,2029-01-02
4073,2029-01-03
4074,2029-01-04
4075,2029-01-05
4076,2029-01-06
4077,2029-01-07
4078,2029-01-08
4079,2029-01-09
4080,2029-01-10
4081,2029-01-11
4082,2029-01-12
4083,2029-01-13
4084,2029-01-14
4085,2029-01-15
4086,2029-01-16
4087,2029-01-17
4088,2029-01-18
4089,2029-01-19
4090,2029-01-20
4091,2029-01-21
4092,2029-01-22
4093,2029-01-23
4094,2029-01-24
4095,2029-01-25
4096,2029-01-26
4097,2029-01-27
4098,2029-01-28
4099,2029-01-29
4100,2029-01-30
4101,2029-01-31
4102,2029-02-01
4103,2029-02-02
4104,2029-02-03
4105,2029-02-04
4106,2029-02-05
4107,2029-02-06
4108,2029-02-07
4109,2029-02-08
4110,2029-02-09
4111,2029-02-10
4112,2029-02-11
4113,2029-02-12
4114,2029-02-13
4115,2029-02-14
4116,2029-02-15
4117,2029-02-16
4118,2029-02-17
4119,2029-02-18
4120,2029-02-19
4121,2029-02-20
4122,2029-02-21
4123,2029-02-22
4124,2029-02-23
4125,2029-02-24
4126,2029-02-25
4127,2029-02-26
4128,2029-02-27
4129,2029-02-28
4130,2029-03-01
4131,2029-03-02
4132,2029-03-03
4133,2029-03-04
4134,2029-03-05
4135,2029-03-06
4136,2029-03-07
4137,2029-03-08
4138,2029-03-09
4139,2029-03-10
4140,2029-03-11
4141,2029-03-12
4142,2029-03-13
4143,2029-03-14
4144,2029-03-15
4145,2029-03-16
4146,2029-03-17
4147,2029-03-18
4148,2029-03-19
4149,2029-03-20
4150,2029-03-21
4151,2029-03-22
4152,2029-03-23
4153,2029-03-24
4154,2029-03-25
4155,2029-03-26
4156,2029-03-27
4157,2029-03-28
4158,2029-03-29
4159,2029-03-30
4160,2029-03-31
4161,2029-04-01
4162,2029-04-02
4163,2029-04-03
4164,2029-04-04
4165,2029-04-05
4166,2029-04-06
4167,2029-04-07
4168,2029-04-08
4169,2029-04-09
4170,2029-04-10
4171,2029-04-11
4172,2029-04-12
4173,2029-04-13
4174,2029-04-14
4175,2029-04-15
4176,2029-04-16
4177,2029-04-17
4178,2029-04-18
4179,2029-04-19
4180,2029-04-20
4181,2029-04-21
4182,2029-04-22
4183,2029-04-23
4184,2029-04-24
4185,2029-04-25
4186,2029-04-26
4187,2029-04-27
4188,2029-04-28
4189,2029-04-29
4190,2029-04-30
4191,2029-05-01
4192,2029-05-02
4193,2029-05-03
4194,2029-05-04
4195,2029-05-05
4196,2029-05-06
4197,2029-05-07
4198,2029-05-08
4199,2029-05-09
4200,2029-05-10
4201,2029-05-11
4202,2029-05-12
4203,2029-05-13
4204,2029-05-14
4205,2029-05-15
4206,2029-05-16
4207,2029-05-17
4208,2029-05-18
4209,2029-05-19
4210,2029-05-20
4211,2029-05-21
4212,2029-05-22
4213,2029-05-23
4214,2029-05-24
4215,2029-05-25
4216,2029-05-26
4217,2029-05-27
4218,2029-05-28
4219,2029-05-29
4220,2029-05-30
4221,2029-05-31
4222,2029-06-01
4223,2029-06-02
4224,2029-06-03
4225,2029-06-04
4226,2029-06-05
4227,2029-06-06
4228,2029-06-07
4229,2029-06-08
4230,2029-06-09
4231,2029-06-10
4232,2029-06-11
4233,2029-06-12
4234,2029-06-13
4235,2029-06-14
4236,2029-06-15
4237,2029-06-16
4238,2029-06-17
4239,2029-06-18
4240,2029-06-19
4241,2029-06-20
4242,2029-06-21
4243,2029-06-22
4244,2029-06-23
4245,2029-06-24
4246,2029-06-25
4247,2029-06-26
4248,2029-06-27
4249,2029-06-28
4250,2029-06-29
4251,2029-06-30
4252,2029-07-01
4253,2029-07-02
4254,2029-07-03
4255,2029-07-04
4256,2029-07-05
4257,2029-07-06
4258,2029-07-07
4259,2029-07-08
4260,2029-07-09
4261,2029-07-10
4262,2029-07-11
4263,2029-07-12
4264,2029-07-13
4265,2029-07-14
4266,2029-07-15
4267,2029-07-16
4268,2029-07-17
4269,2029-07-18
4270,2029-07-19
4271,2029-07-20
4272,2029-07-21
4273,2029-07-22
4274,2029-07-23
4275,2029-07-24
4276,2029-07-25
4277,2029-07-26
4278,2029-07-27
4279,2029-07-28
4280,2029-07-29
4281,2029-07-30
4282,2029-07-31
4283,2029-08-01
4284,2029-08-02
4285,2029-08-03
4286,2029-08-04
4287,2029-08-05
4288,2029-08-06
4289,2029-08-07
4290,2029-08-08
4291,2029-08-09
4292,2029-08-10
4293,2029-08-11
4294,2029-08-12
4295,2029-08-13
4296,2029-08-14
4297,2029-08-15
4298,2029-08-16
4299,2029-08-17
4300,2029-08-18
4301,2029-08-19
4302,2029-08-20
4303,2029-08-21
4304,2029-08-22
4305,2029-08-23
4306,2029-08-24
4307,2029-08-25
4308,2029-08-26
4309,2029-08-27
4310,2029-08-28
4311,2029-08-29
4312,2029-08-30
4313,2029-08-31
4314,2029-09-01
4315,2029-09-02
4316,2029-09-03
4317,2029-09-04
4318,2029-09-05
4319,2029-09-06
4320,2029-09-07
4321,2029-09-08
4322,2029-09-09
4323,2029-09-10
4324,2029-09-11
4325,2029-09-12
4326,2029-09-13
4327,2029-09-14
4328,2029-09-15
4329,2029-09-16
4330,2029-09-17
4331,2029-09-18
4332,2029-09-19
4333,2029-09-20
4334,2029-09-21
4335,2029-09-22
4336,2029-09-23
4337,2029-09-24
4338,2029-09-25
4339,2029-09-26
4340,2029-09-27
4341,2029-09-28
4342,2029-09-29
4343,2029-09-30
4344,2029-10-01
4345,2029-10-02
4346,2029-10-03
4347,2029-10-04
4348,2029-10-05
4349,2029-10-06
4350,2029-10-07
4351,2029-10-08
4352,2029-10-09
4353,2029-10-10
4354,2029-10-11
4355,2029-10-12
4356,2029-10-13
4357,2029-10-14
4358,2029-10-15
4359,2029-10-16
4360,2029-10-17
4361,2029-10-18
4362,2029-10-19
4363,2029-10-20
4364,2029-10-21
4365,2029-10-22
4366,2029-10-23
4367,2029-10-24
4368,2029-10-25
4369,2029-10-26
4370,2029-10-27
4371,2029-10-28
4372,2029-10-29
4373,2029-10-30
4374,2029-10-31
4375,2029-11-01
4376,2029-11-02
4377,2029-11-03
4378,2029-11-04
4379,2029-11-05
4380,2029-11-06
4381,2029-11-07
4382,2029-11-08
4383,2029-11-09
4384,2029-11-10
4385,2029-11-11
4386,2029-11-12
4387,2029-11-13
4388,2029-11-14
4389,2029-11-15
4390,2029-11-16
4391,2029-11-17
4392,2029-11-18
4393,2029-11-19
4394,2029-11-20
4395,2029-11-21
4396,2029-11-22
4397,2029-11-23
4398,2029-11-24
4399,2029-11-25
4400,2029-11-26
4401,2029-11-27
4402,2029-11-28
4403,2029-11-29
4404,2029-11-30
4405,2029-12-01
4406,2029-12-02
4407,2029-12-03
4408,2029-12-04
4409,2029-12-05
4410,2029-12-06
4411,2029-12-07
4412,2029-12-08
4413,2029-12-09
4414,2029-12-10
4415,2029-12-11
4416,2029-12-12
4417,2029-12-13
4418,2029-12-14
4419,2029-12-15
4420,2029-12-16
4421,2029-12-17
4422,2029-12-18
4423,2029-12-19
4424,2029-12-20
4425,2029-12-21
4426,2029-12-22
4427,2029-12-23
4428,2029-12-24
4429,2029-12-25
4430,2029-12-26
4431,2029-12-27
4432,2029-12-28
4433,2029-12-29
4434,2029-12-30
4435,2029-12-31
4436,2030-01-01
